c_date_time,p_name,p_url,c_data,c_rank,c_recom,c_date,c_time,c_rank_num
2018-01-19 18:17:25,王大根,https://www.douban.com/people/diewithme/," 在这种家庭里做一条狗都好啊
        ",力荐,6463,2018-01-19,18:17:25,5
2017-11-25 02:12:27,李阿斗,https://www.douban.com/people/gailsylee/," 当时出国以后的第一最大感受就是尊重，不论老弱病孕还是任何“与众不同”，都不会有人上下打量你。我不能说他们内心是否真的友善，但是尊重是最起码的原则。希望这个世界多一些善意，任何人都有自己存在的理由和方式，看到每个人由衷接受Auggie的时候太暖心了。
        ",力荐,3429,2017-11-25,02:12:27,5
2017-12-06 15:10:45,光明小卖部,https://www.douban.com/people/gooooooooooohe/," 所有人都知道是化妆只有我一个人以为请的真实病人出演吗。。。
        ",力荐,3349,2017-12-06,15:10:45,5
2017-11-24 15:57:52,同志亦凡人中文站,https://www.douban.com/people/3540441/," 有种糖放多了的感觉，精华基本都在预告里了。但对孩子们的纯真友情毫无抵抗力啊，就像被温柔的抚摸了一下软肋。Jacob Tremblay涂着厚厚化妆都能感受到演技，小李子真好意思把奥斯卡摆在家里吗...
        ",推荐,1814,2017-11-24,15:57:52,4
2018-01-19 14:18:28,桃桃淘电影,https://www.douban.com/people/qijiuzhiyue/," 其实这更像当代童话，因为，实在是太暖了。里面每个人都那么暖，怎么可以那么暖，怎么可以那么暖！像一个暖心的童话故事。虽然，我也怀疑这样故事的真实性，但是，却喜欢被这样暖的故事感动，一度哭到不行。
        ",推荐,1711,2018-01-19,14:18:28,4
2018-01-14 17:43:28,Mona Lishark,https://www.douban.com/people/run11run/," 为什么欧文威尔逊和范迪塞尔可以在他们参演的几乎所有电影里都保持同一个发型？
        ",还行,1212,2018-01-14,17:43:28,3
2018-01-06 23:34:05,西楼尘,https://www.douban.com/people/xilouchen/," 秋天排练的话剧春天才会公演，软盘誊抄的论文硬盘才能呈现。你无非是度过了五年级，时间却有魔法经历非凡。躲在卧室里的灵魂最向往蓝天，藏在头盔中的容颜最渴望看见。你其实并没有炸掉死星，楚巴卡会令有些人变得不凡。一杯水能让光影折射，一个男孩能让善良被选择。奥古是杯水，折射出每个人的善意。
        ",还行,1451,2018-01-06,23:34:05,3
2017-10-25 16:57:25,擦声无声,https://www.douban.com/people/qingxingji/," 每个人，不论年龄、性别（弟弟、姐姐、姐姐的闺蜜），在成长都会遇到质疑、泪水、冷眼、谎言、误解、痛苦、嘲讽、挣扎、阵痛。都可以在电影《wonder》中找到影子，产生共鸣。《wonder》以小见大，小故事大题材，折射出真善美，勇敢与希望，宽容与理解，不论在任何国度、任何肤色，都是人类永恒的主题。
        ",力荐,1396,2017-10-25,16:57:25,5
2017-11-30 15:09:07,巨米雨,https://www.douban.com/people/rainleo410818/," 一碗甜而不腻的普世价值鸡汤，非常好喝。

看之前我以为是讲主角小男孩的，原来是章回体，每个人都有故事每个人都有视角每个人都有选择。

每个人都很美很好。

开演前基友给我说这部电影就像夏天一样清新，是啊没错，像泡在透明干净的玻璃瓶中的黄瓜水一样，安心又健康，还有甘甜味。
        ",力荐,1215,2017-11-30,15:09:07,5
2017-12-06 17:14:08,私~川流,https://www.douban.com/people/1237270/," 买票的时候很纠结，因为是完全可以预料到的剧情。这种温馨少年故事虽各各不同却又次次类似。若是你近来心情疲惫，这部电影是个流泪的好借口。
        ",推荐,1057,2017-12-06,17:14:08,4
2018-01-22 18:02:52,影志,https://www.douban.com/people/tjz230/," “生命流逝太快，我们都没来得及多看对方一眼。” 那个帮助奥吉的同学杰克·威尔，在跟同学打架后，委屈扑在老师怀里的表情太心碎了…
        ",推荐,776,2018-01-22,18:02:52,4
2018-01-19 16:00:41,voilà,https://www.douban.com/people/voici-voila/," 请多带你们自己和你们的孩子去看看这种电影，谢谢。
        ",还行,759,2018-01-19,16:00:41,3
2018-01-19 15:01:19,艾晨,https://www.douban.com/people/satan163/," 五星推荐。不是想象的励志片，而是一部关于所有人的成长电影，就像那句话说的，聪明是一种天赋，但是善良是一种选择。电影并没有过分渲染小男孩，而是多角度展示身边的人，最终构建了一个充满天使和爱的世界。推荐有孩子的家长看，要知道，如果你们家有熊孩子，不是因为生的不好，而是你们教的不好。
        ",力荐,759,2018-01-19,15:01:19,5
2017-12-28 19:30:57,朝阳区白百合,https://www.douban.com/people/50060410/," 能让观众在电影开篇不到10分钟就哭出来，就很已经厉害了...
        ",还行,590,2017-12-28,19:30:57,3
2018-01-19 18:29:31,傻乐的猫,https://www.douban.com/people/stupidcat7652/," 这些儿童演员连带少男少女演员都漂亮得离谱了吧，现实里你哪里给我找个Jack will来？儿童界的男神。
        ",还行,537,2018-01-19,18:29:31,3
2018-01-20 00:25:16,木卫二,https://www.douban.com/people/MovieL/," 把“生而为人，很抱歉”，变成了“是个人，都应该与人为善”，多视角还挺有意思的。人与人的孤独重量，都是同一种地心引力。虽然不出意外的，所有人都是自带光芒的nice好人。
        ",推荐,457,2018-01-20,00:25:16,4
2018-01-21 21:01:46,张小北,https://www.douban.com/people/xzfd/," 电影里的世界太单纯美好，但是，有些人还是愿意去相信一次的，不然我们为什么要去看电影呢？
        ",力荐,330,2018-01-21,21:01:46,5
2018-01-06 19:39:00,凌睿大坏蛋,https://www.douban.com/people/lingrui1995/," 很久没有一部电影能像《奇迹男孩》那样让我从头哭到尾了。
        ",推荐,319,2018-01-06,19:39:00,4
2018-01-20 07:34:24,焚紙樓,https://www.douban.com/people/80722428/," 《鬥陣小子》有則故事：某橫綱一出生就患了肌肉失調的怪病，長肉速度快到身體給腦子輸營養都來不及，讓他得以靠力氣稱霸日本；其他患者辦不到，因為他們嬰兒時就餓死或腦死了，唯獨橫綱的爸媽是藥劑企業金主，且愛他不惜任何代價──猜到我要說什麼了吧？生在愛與經濟兼健全的家，才是奧吉真正的奇蹟。
        ",较差,194,2018-01-20,07:34:24,2
2017-11-21 09:28:43,饮歌,https://www.douban.com/people/35790692/," 除了故事上有些细节有待改良之外，整部电影都洋溢着朴实的感动，让人在大银幕看到久违的家庭温暖。Jacob Tremblay即便面部表情全部被残疾装扮盖住，依然能让这个角色充满灵气，果然天生戏精。
        ",推荐,234,2017-11-21,09:28:43,4
2018-01-22 12:46:06,亵渎电影,https://www.douban.com/people/zhangzongqian/," 治愈系小清新，用童话般的人设一个劲儿的给大家发糖，拆分几个人物的视角叙事，用旁白对接故事线，尽可能的简化故事本身，导演的任务简单明确，杀伤力还挺大的，但感动完了，回过神来还是会不对劲，这种理想化的故事只能存在于电影里了。
        ",还行,134,2018-01-22,12:46:06,3
2017-11-26 19:19:55,JIN,https://www.douban.com/people/4347027/," 数度泪目，还能听到影院中有不少看哭的观众，非常感人。天生脸部畸形的儿童想要融入学校是多么艰难不易，影片很赞的一点是通过不同角色的视角展现故事，更加客观也让很多不同观众都能找到共鸣。Jacob真是小影帝，隔着那么厚的妆依然精彩，朱莉亚也非常棒，非常有感染力。亲情和孩童的友情太伟大！
        ",推荐,177,2017-11-26,19:19:55,4
2017-12-06 19:47:43,豁达叉鸡,https://www.douban.com/people/xiaowangzi1984/," 哭到头痛！最后拿到勋章的奥吉一脸不解：我只是跟其他人一样五年级毕业而已——但这对天生残缺的他来讲真的不容易。要心存善意，因为我们每个人都在面对一场硬仗：永不放弃的母亲，没有存在感的姐姐，嫉妒的姐姐闺蜜，贫困好基友Jack Will（跟男主真的配一脸…）成长，就是敢于选择自己的路。
        ",力荐,133,2017-12-06,19:47:43,5
2017-12-09 20:03:21,五色全味,https://www.douban.com/people/wusequanwei/," 也許有人會覺得太過糖衣溫暖，但是無所謂，電影有時候就應該用「夢」來撫慰現實的苦楚，而且我相信創作人是充滿善意的。希望懂愛的人最終都會被愛，不會再有誤解，善良的人最終都會被溫柔以待。
        ",推荐,134,2017-12-09,20:03:21,4
2018-01-20 13:13:22,陆支羽,https://www.douban.com/people/luzhiyu/," 4.0。1.在这“颜值即正义”的时代，并不相信奇迹的我，还是忍不住看出眼泪；尤其小奥吉那句“人生皆苦战，请你用心看”。2.影片看似以脸部畸形的奥吉为主导，实则却晕开笔触，认真描摹了围绕奥吉生活的一群人的心理流变。3.导演如此温暖地为每个人物找到了柔软的落点。
        ",推荐,103,2018-01-20,13:13:22,4
2018-01-19 22:48:12,余小岛,https://www.douban.com/people/missixyujun/," 全世界的真善美都在这了。。。。。
        ",还行,104,2018-01-19,22:48:12,3
2018-01-06 18:10:23,谢谢你们的鱼,https://www.douban.com/people/reave/," 两个小时来自冬日的温暖，奥吉就是一面照出来所有人内心善意的镜子，原本以为是一个儿童成长的剧情片，没想到是一个聚焦着不同群体的轻喜剧，所有现实的恶意都被导演戏剧化的磨平，留了创作者对于美好人性的想象，这样的故事足以暖哭你，相信会是1月的一大爆款。
        ",推荐,90,2018-01-06,18:10:23,4
2017-12-27 21:44:47,大奇特(Grinch),https://www.douban.com/people/grinch/," 主题没有去塑造苦情，而是从童真和不同人物视点出发，因为现实中背负的不幸是相互的，逆境只是看待事情的角度不同而已。所有的感动点都能被打中，因为人间自有真善美，套路但真挚。和去年的独立电影《布里斯比熊》有异曲同工之妙，但显然不如《布》。
        ",还行,55,2017-12-27,21:44:47,3
2018-01-19 14:29:39,欢乐分裂,https://www.douban.com/people/flowermumu/," “对他人友善一点，每个人都在与世界苦战”虽不无糖果式梦幻装点，仍不失暖心治愈；上学第一天最戳中泪点，眼看他从此要置身于与冷酷世界斗争，即使再不舍，父母也只能目送孩子远行；或许初见难免以貌取人，但有趣的灵魂终究不会被湮没，感谢那些地狱里每一层的天使们。
        ",还行,69,2018-01-19,14:29:39,3
2017-12-09 22:33:35,突然粉碎,https://www.douban.com/people/4051316/," “School sucks，people change.”说到心坎去了，多个视角带入了残酷而温暖的故事，Auggie简直是帕丁顿熊真人版，遭遇霸凌也不忘播撒真善美的种子，伪星战迷边哭边笑，这一家四口太美好，妈妈温柔爸爸讲理姐姐懂事，Jack比小男主还萌，闺蜜小姐姐好像二万家的闺女
        ",推荐,69,2017-12-09,22:33:35,4
2018-01-06 17:37:29,康报虹,https://www.douban.com/people/89528523/," “有些人生来就注定与众不同”，你不能炸毁死星但你让周围人变得更好；你的面貌像是西斯但你和楚巴卡的心肠一样好。当你渐渐忘记你的头盔、不再观察别人的鞋子，我发现你其实很可爱，影院里被你吓到的孩子也被你感染，不再哭闹而是随着音乐跳起了舞。人生是一段暗夜的苦旅，而你，是旅途中耀眼的星光。
        ",推荐,96,2018-01-06,17:37:29,4
2018-01-19 22:37:54,李濛Lemon,https://www.douban.com/people/lm498521969/," 缺点是糖放多了，美好得有些不真实，且说教意味浓，角色脸谱化。但戳到我的地方在于，剧本跳出了励志类型片的窠臼，没有大书特书主角与周遭环境战斗的血泪史，而是温柔地插入了主角身边正常孩子们的视角，呈现出成长过程中每个孩子同等分量的孤独。
        ",推荐,66,2018-01-19,22:37:54,4
2017-11-28 12:52:39,娜乌西卡,https://www.douban.com/people/87124627/," 题材很好，开始没多久我就看哭了，整体也非常正能量，有每一个家庭的写照在里面。但不得不说硬伤太多了，比如小学生的台词写得像大人（高中生）一样，那一个个对白机智的。配角的人物设置也很符号平面化。拍的太像青春片太像壁花少年了。好莱坞式的光鲜亮丽不见得适合这个故事。总体还是感人的。
        ",还行,56,2017-11-28,12:52:39,3
2018-01-19 12:21:23,把噗,https://www.douban.com/people/babulliu/," 3.5 每个人都在羡慕他人，最后又都做回了自己。一部教育学佳作。
        ",还行,47,2018-01-19,12:21:23,3
2018-01-30 23:22:04,科学家种太阳,https://www.douban.com/people/sjzqzkn/," 结尾把奖颁给另一个小孩就好了，特殊人群需要的不是特殊关注，而是不被当成特殊人。
        ",推荐,71,2018-01-30,23:22:04,4
2018-01-06 16:21:57,徐若风,https://www.douban.com/people/ruo1996/," 3.5 典型的鸡汤糖水儿童片，各方位都求完成度最大化。值得学习的是结构视角的几个翻转，把每个主要人物对观众的投射-共情都做足了。好莱坞式鸡汤赢口碑的套路也算是时变时新又百变不离宗，主流永远都不缺放大人物细节、情感用意直接的家庭温暖故事，而从前这类格局的作品根本不会大卖到如此地步。
        ",还行,44,2018-01-06,16:21:57,3
2017-12-06 11:47:48,xīn,https://www.douban.com/people/caesarphoenix/," 【UA Berkeley 7】2017.12.5.4:15pm 通过弟弟、姐姐Iva、小伙伴Jack Will、姐姐好友Miranda的视角分别讲述的方法还是很巧妙的，跳出了直接用主题进行煽情的套路。但全片还是放置（局限）在一种安全的中产阶级空间里，几场fight都被高度控制。唯一展现现实残忍的Julian的父母怼校长的戏，也只是小插曲。
        ",还行,48,2017-12-06,11:47:48,3
2018-01-31 08:50:30,刘小黛,https://www.douban.com/people/darlingtudai/," 可惜这么好的校长和同学身边几乎是没有的。
        ",还行,38,2018-01-31,08:50:30,3
2018-01-20 14:55:16,国王KING,https://www.douban.com/people/problemchildren/," To be true or to be kind？To be kind.很虐心的一部戏，泪点密集，频频被击中。会眼湿湿是因为被人性的闪光点戳到了，很温暖。
        ",力荐,42,2018-01-20,14:55:16,5
2018-01-24 23:03:44,萨库拉,https://www.douban.com/people/iisakura/," 编导对世界充满善意，相信人性本善，即便大家都知道真实并非如此。喜欢它并没有只是围绕小男孩来讲这个故事，姐姐的POV更令人心疼。是啊，就算你经历再多苦难，世界也并不只是围着你一个人转。能对当事人说出这句话，真诚又有勇气。
        ",还行,24,2018-01-24,23:03:44,3
2018-01-19 00:29:15,乌鸦火堂,https://www.douban.com/people/dreamfox/," 没有哭出来，但真的非常感动！这不是我们想象的那种励志，而是这个世界给我们的温暖，每个人遇到的挫折和悲观，全部用奥吉的故事反衬出来，故事来源于真实，也是非常理想化的，善良的孩子都能够坚强的面对，你为什么不能？但看完这片，心情突然很好
        ",推荐,37,2018-01-19,00:29:15,4
2018-01-26 20:06:46,大头绿豆,https://www.douban.com/people/bighead/," 大概是已为人父的缘故，与奥吉在学校的遭逢际遇相比，我更在意的是他的亲人们提供了一种充满善意、尊重与互谅的亲密关系范式。
        ",推荐,28,2018-01-26,20:06:46,4
2018-01-27 16:46:32,掉线,https://www.douban.com/people/ballteda/," 【C+】故事切入点很好，不是夸张霸凌的卖惨，也不是过于理想的俗套励志，而是以一个畸形男孩对逆境的对抗，跳至非少数群体对自身逆境的对抗：[普通人的勇敢同样令人感动]，这才是电影要说的。然而许多情节太信手拈来，没有在可信度上扎根便开始煽情，导致片子还是不可避免的散发出一种白左伪善气质。
        ",还行,17,2018-01-27,16:46:32,3
2018-01-24 20:14:55,九尾黑猫,https://www.douban.com/people/LadyInSatin/," 人们总说上帝关上一扇门，会打开一扇窗。但不是很多人能看到那扇窗，他们盯着那些失去，害怕抬头看。这不只是关于奥吉的故事，也关于他身边的每个人。奥吉就像太阳，映射出了最好的他们，而他们的爱，也成为奥吉的眼睛，他的勇气，他们一起找到了那扇窗。
        ",推荐,21,2018-01-24,20:14:55,4
2018-01-20 14:29:07,汪金卫,https://www.douban.com/people/longzheking/," 看过很多遍预告，担心会拍成纯励志煽情路线的那种俗套片。不过虽然片子整体风格与此类似，但难得可贵的是能够转换视角，关注姐姐、同学、闺蜜等配角的心理历程和变化，极大地丰富了故事和角色。小男孩生长在衣食无忧、父母姐姐善良温柔、老师校长友善的环境和国家，才是真正的奇迹！三星半
        ",推荐,32,2018-01-20,14:29:07,4
2017-12-08 16:14:58,法兰西胶片,https://www.douban.com/people/flxjp/," 话说回来，《星战8》要是拍成这样我是接受的。
        ",还行,29,2017-12-08,16:14:58,3
2018-01-20 19:09:56,蒜 | BOY A✎,https://www.douban.com/people/movie007wn/," 这部电影对我而言太特别了，从第一个镜头开始，我就知道要哭。一出生就让产房里的人傻眼，两岁之前经历了好几次大手术，童年一路在熟悉的世界和陌生的眼光中长大，从小就注定了要成为一个特别的人，大学的时候留着阿纳金的小辫子在右耳后面，从此决定一生去做一个特立独行的，保持善良的人。
        ",力荐,28,2018-01-20,19:09:56,5
2018-01-24 00:23:32,胤祥,https://www.douban.com/people/yinxiang/," 7分。准确、规矩但甜腻，有太多正能量。亮点明确：一是小标题和结构，这个写法很值得国片借鉴；二是片中幻想与现实之间的交互关系。诺亚.尤佩的（心机）萌就好比「绣春刀II」里的雷佳音，全片最来戏的还得数这个男二号；跟他比起来特效化妆加持的男主角都得让他三分
        ",推荐,16,2018-01-24,00:23:32,4
2018-01-06 17:04:08,SleepWalker,https://www.douban.com/people/44564069/," Kindness is everywhere, all you need to do is look.So I guess, we just have to look......They are actually...everywhere.于是还是没能忍住，在黑暗的影厅湿润了眼眶
        ",力荐,38,2018-01-06,17:04:08,5
2017-12-04 21:10:04,Amberose,https://www.douban.com/people/amberose/," 真是特别棒！又温暖又感人，而且还不落俗套，不同视角的切换很真实，人无完人，不是每个父母都能胜任这一职位
        ",力荐,24,2017-12-04,21:10:04,5
2018-01-25 19:42:09,xxxx,https://www.douban.com/people/151733404/," 偏见有两种，一种是以貌取人，一种是以自我为中心，忽略他人的想法。有趣的地方在于多角度拍摄让观众看到片子个人的内心想法，而不是主角视角下去评价他人。将父母子女、姐弟、朋友同学间的的相处都演绎出来了，虽然觉得有些地方理想化了，但是这碗鸡汤还是喝了。如果你想去了解一个人，请用心去感受
        ",推荐,92,2018-01-25,19:42:09,4
2018-02-02 20:20:09,米粒,https://www.douban.com/people/conanemily/," 3.5 电影就是想象中差不多的那样，但是演员们都很可爱啊，尤其主角的男闺蜜，我看好他成为未来校草！
        ",推荐,21,2018-02-02,20:20:09,4
2018-01-05 03:14:54,释凡,https://www.douban.com/people/seafans/," “伟大来自正确运用力量”《壁花》导演暖心治愈经典，天生面丑孩子的尴尬与进取精神，不同视角全面讨论了家庭、亲情、友情、爱情，星战梗万圣节很自然融入，小狗死亡、受霸凌同学欺负、树林打架、姐姐与闺蜜重修旧好、舞台剧临时换角色后煽情...用外人话外音叙述心理戏，激动人心，即便孩子也要重人权
        ",力荐,27,2018-01-05,03:14:54,5
2018-01-10 16:01:21,愛永,https://www.douban.com/people/aiyung/," 比預告好看N倍！多重視角的敘事下，每個人都是主角，也都是配角。每件事都有兩種解釋，每個人都有不為人知的掙扎。善以待人，雖是老生常談，卻依舊是人生在世得以讓彼此過得更好最簡單的方式。
        ",力荐,28,2018-01-10,16:01:21,5
2017-12-23 17:52:16,我模糊了,https://www.douban.com/people/63765493/," 剧本烂啊……而且绝地武士学徒小辫子很可爱好不好！
        ",较差,30,2017-12-23,17:52:16,2
2018-01-06 17:29:58,回望长安已苍老,https://www.douban.com/people/58847654/," 百老汇点映，满座，一室温馨。是这个男孩的故事，又不只是这个男孩的故事，关于亲情、友情、教养，关于嫉妒、原谅、理解，无煽情，零说教，细腻自然，点滴浸润。男孩的头盔让人联想起《岁月神偷》里的鱼缸，鱼缸装着满满的思念，头盔则藏着小小的普通又不普通的自我。
        ",力荐,27,2018-01-06,17:29:58,5
2017-11-26 21:34:49,明安,https://www.douban.com/people/61212508/," 真好看
        ",力荐,21,2017-11-26,21:34:49,5
2018-01-19 20:37:08,Paco,https://www.douban.com/people/69290051/," 有那么一瞬间，差点以为终于要看到一部假装主流的，关于“边缘人之边缘”、“普通人之不普通”的非主流电影了，结果还是没真正跳出来，有点可惜。
        ",还行,15,2018-01-19,20:37:08,3
2018-01-20 23:34:24,邓安庆,https://www.douban.com/people/renjiananhuo/," 好甜喏
        ",推荐,23,2018-01-20,23:34:24,4
2018-01-19 21:31:15,诸葛不要·星,https://www.douban.com/people/Jerry-feng/," 好似微风拂过脸颊，心灵瞬间柔软起来，《奇迹男孩》人情味很浓，感动且温馨，情感十分细腻。导演卓博斯基很懂小孩子之间的友情与小矛盾，拍的细致而动人。面对和你不一样的人，得懂得尊重。奥吉可爱的像悟空，朱丽安长相弱鸡版贾斯丁·比伯。
        ",推荐,15,2018-01-19,21:31:15,4
2017-12-20 22:31:50,克拉許crash,https://www.douban.com/people/55414544/," 也是一部教育意味很重的电影。庆幸的是，整部电影下来不会有种让人喘不过气的感觉，这要归功于说故事的方式。可惜的是，男孩在结尾处写了一篇很有力度，很有深度的文章而得奖，我却还是看不到他有所成长。就像他姐姐说的，他应该学会谅解并了解，自己虽异于常人，但并不代表所有事必须围绕着他而转。
        ",推荐,31,2017-12-20,22:31:50,4
2018-01-24 15:25:01,尽欢,https://www.douban.com/people/147584043/," 儿童成长的暖心故事。愿这个世界可以再温柔一点，再善良一点。善良与爱是人类的奇迹。
        ",力荐,68,2018-01-24,15:25:01,5
2017-12-30 17:39:39,结冰,https://www.douban.com/people/caiyanbin/," 3.5 星战梗有趣，题材很感人。尤其是奥吉在海边与同学们一起，他失声痛哭的那一刻。雅各布会挑戏还会演。
        ",还行,12,2017-12-30,17:39:39,3
2018-01-31 23:30:38,刘小昭,https://www.douban.com/people/zeajin/," 亲密关系的处理需要一辈子的学习，奇迹男孩之所以“奇迹”是因为家人、朋友，温暖、平淡，却最打动人心。
        ",力荐,11,2018-01-31,23:30:38,5
2017-12-29 19:47:22,华盛顿樱桃树,https://www.douban.com/people/49213881/," 心旷神怡，赏心悦目，沁人心脾。我愿意把所有美好的词语献给它。只因这温暖治愈的2个小时。难得的是丝毫不煽情，却让人hold不住。男主的那个好朋友实在太可爱了啦！
        ",推荐,16,2017-12-29,19:47:22,4
2018-01-20 18:15:16,猪头妖怪,https://www.douban.com/people/PiggyOgre/," 这个故事最可贵的是，在有一个强势主角的情况下，没有忽视普通人的日常和困扰。归根结底，在生活面前我们都没有自己所以为的那样特别。
        ",推荐,12,2018-01-20,18:15:16,4
2017-12-26 16:27:25,文森特九六,https://www.douban.com/people/ILWTFT/," 可劲儿忍住了
        ",推荐,12,2017-12-26,16:27:25,4
2018-03-03 08:45:11,末摘花,https://www.douban.com/people/152688532/," 亲情永远是人类成长过程中最需要最重要的！
        ",推荐,78,2018-03-03,08:45:11,4
2018-01-31 17:33:05,651564165cz,https://www.douban.com/people/163226117/," 可以，蛮不错的，推荐一下。打个三星娃娃啊
        ",还行,69,2018-01-31,17:33:05,3
2017-12-25 23:59:23,Ron Chan,https://www.douban.com/people/RonChan/," 星战梗对了Jacob小朋友的味，最后看哭了，满满的爱！必须说小演员们都选得好好看，Jacob演得超好。
        ",推荐,11,2017-12-25,23:59:23,4
2018-01-19 18:54:38,锐利修蕊,https://www.douban.com/people/ruilixiurui/," 有时候你觉得人生好难啊，可是其实撑一下那个难点就会过去，某一天回头去看发现毫无大碍，虽然也许提起来还心有余悸。这部电影并不神奇，神奇的是人生路上总有善意的人帮助你让每一段路能走的更好。想起来奇葩说里探讨善良，认为是一种优秀的品质，原因则是因为我们缺失。聪明或善良？请你永远选善良。
        ",推荐,25,2018-01-19,18:54:38,4
2018-01-24 17:42:37,VeryGZ,https://www.douban.com/people/GZ/," 最厌恶的电影类型集合：炮制一个虚假的乌托邦世界，劝诫与人为善。你是怎样在弱肉强食的成长环境中挤落同类如今方能安逸地坐影院里的，心里没点B数？翻白眼
        ",较差,18,2018-01-24,17:42:37,2
2018-01-19 13:55:15,一只牡鹿,https://www.douban.com/people/138885670/," 演杰克的小男孩好可爱好有灵性
        ",推荐,16,2018-01-19,13:55:15,4
2017-12-30 11:49:05,荒也,https://www.douban.com/people/huangye3/," 小孩版《象人》，把学校幻想成外太空，用《星球大战》来逃避现实，最后获得小伙伴们的《伴我同行》。鸡汤励志又说教，假装带着《绿野仙踪》童话般的甜味…
        ",较差,20,2017-12-30,11:49:05,2
2018-01-21 12:25:35,秋天的苹果🍎,https://www.douban.com/people/pingguohongle/," 温情的故事总能打动人心，少年的成长还是能感动很多人，如果想要流泪可以去影院看看，适合家庭观看，我看了没浪费电影票钱，內心被打动了。
        ",还行,54,2018-01-21,12:25:35,3
2018-01-31 23:43:12,不良生,https://www.douban.com/people/angle223/," 暖到心都化了。
        ",力荐,9,2018-01-31,23:43:12,5
2018-02-11 19:47:56,古尔齐亚,https://www.douban.com/people/gorfee/," 在正确和善良之间，选择善良
        ",力荐,11,2018-02-11,19:47:56,5
2018-03-16 00:10:36,小风一吹需要你,https://www.douban.com/people/little-wind/," 故事是太理想化了一些，不过能在电影中看到被放大的善意，还是很温暖的。姐姐这个角色蛮好。
        ",还行,0,2018-03-16,00:10:36,3
2018-01-29 21:31:42,小诗,https://www.douban.com/people/149280316/," 剧情感觉一般 重要的是影片传达的教育意义 很感动的一家人
        ",推荐,54,2018-01-29,21:31:42,4
2018-01-29 20:44:25,顿河,https://www.douban.com/people/alexcite/," 最近看神秘巨星，奇迹男孩统统都泪湿眼眶。我想了想，应该是很久没有流泪了，快泯灭人性的我，必须要熟悉下感动这件事。
        ",推荐,14,2018-01-29,20:44:25,4
2018-02-02 00:19:51,小宝君,https://www.douban.com/people/xiaobaojun/," 这句话值得思考，是不是每次都选择正确“When given the choice between being right or being kind, choose kind.”  
如果必须在正确和善良之间选其一，请选择善良。
— Dr. Wayne Dyer
        ",推荐,15,2018-02-02,00:19:51,4
2017-12-31 07:14:43,小慢,https://www.douban.com/people/dd10285/," 这种全方位温馨真情家庭友情励志成长片，拍得细致演得认真，在寒冷的季节看，就能每句台词每个人物都戳中泪点。从头到位眼泪没有停过。俩小时不知道怎么就过去了。想家。
        ",力荐,9,2017-12-31,07:14:43,5
2018-01-21 02:14:36,猫语猫寻,https://www.douban.com/people/mymx/," 全片节奏和气氛都很稳，这种片很容易拍的过度煽情，这部并没有给人适压，咸淡适度。几个小演员都非常出彩，铺陈和讲故事的方式很喜欢，除了结尾有一点点套路之外，其它都没话说！这样的故事就算明知是鸡汤也很愿意一口干掉啊！
        ",推荐,10,2018-01-21,02:14:36,4
2018-01-14 18:31:33,小心和小欣,https://www.douban.com/people/guanxin898/," 唉，我也是当爹的人了～情不自禁要多给一颗星。希望这个世界像这部电影里一样更多的是善意，而不是恶意占据绝对上风。更希望我的孩子有足够的精神力量，抵抗恶意，坚持自我。更重要的是，做一个更好的人。to be a better man。
        ",力荐,24,2018-01-14,18:31:33,5
2017-11-19 04:12:06,La_Paranoia,https://www.douban.com/people/140491862/," 老套的如公式一般的儿童温情片。导演试图从四个孩子的角度来阐述这个故事 然而也只做了个表面功夫 根本没想好好展开。人物标签化 单薄的感觉像是在过家家。剧情发展也不负众望的落入了强行煽情强行治愈的俗套，所有的人物无论先前立场，最终都为主角献起了爱心打起了call 拦都拦不住。好一部魔幻鸡汤片
        ",较差,23,2017-11-19,04:12:06,2
2018-01-09 10:06:29,鱼儿,https://www.douban.com/people/4073793/," 典型的美式温情，你深知故事的套路，却依旧泪眼婆娑。影片没有单纯围绕脸部畸形的男孩奥吉一人，而是以不同角色的视角，分段呈现，互相联系并发生情感共振。这类电影的作用是，当你走出影院继续与生活苦斗时，眼前那看似洪水猛兽般的现实，似乎已化作矮小的土丘，哪怕只有短短一瞬。雅各布演技非常出色
        ",力荐,9,2018-01-09,10:06:29,5
2018-01-20 18:15:52,黑貓十一,https://www.douban.com/people/hijikataT/," Augie和Jack的西皮太好吃了！（报警了.jpg  只有七年级的火眼晶晶发现那是男主角的boyfriend。超多SW梗，每个角色都很可爱，哪怕那个霸凌男主角的Julian，他也只是因为年幼而残忍。Augie有个多么好的家庭啊，我想大多数时候我们只是Miranda，希望也有那样的家。啊，请注意里面死了小狗。
        ",推荐,11,2018-01-20,18:15:52,4
2018-01-27 21:32:03,读书敏求,https://www.douban.com/people/guwenhao/," 我们的成长和教育中少了两堂课：一堂是道歉的课，一堂是原谅的课。因为不懂如何道歉，我们往往持续伤害别人；因为不懂如何原谅，我们经常沦于自伤…… 
        ",推荐,15,2018-01-27,21:32:03,4
2018-02-05 14:05:06,耶路撒冷小丑,https://www.douban.com/people/172814818/," 影片结尾所有人在经历了成长过后都做出了善良的选择，生活中我们又会不会成为像朱利安那样的“刽子手”呢？希望现实生活中当我们遇到不一样的“小天使”的时候都可以做到不去带着有色眼镜看待他们、不妄加揣测他们的经历亦不需要刻意表现出同情，只希望能给予他们尊重，你我的尊重是对他们最好的回应。
        ",推荐,51,2018-02-05,14:05:06,4
2018-01-22 11:14:08,yunyan,https://www.douban.com/people/169142827/," 不错的电影，从一个丑的外表被人抗拒的男孩到被同学接受，找到了友谊，证明了自己。还有什么值得害怕的？
        ",推荐,50,2018-01-22,11:14:08,4
2017-12-05 10:12:31,痞影人科莱昂,https://www.douban.com/people/pirealwei/," 三星半。类“丑小鸭”式的童话故事，其实是一个异常浅显的文本，但正是这样简单的故事却总能迸发出无可比拟的力量。中心主题依然是教育、亲情与爱。本以为把姐姐单独作为一条支线拎出来会成为累赘，没想到还是和弟弟的主线连上了，而且还不错，最后甚至插入了一小段“伴我同行”，简单、温馨并感动着。
        ",推荐,11,2017-12-05,10:12:31,4
2017-11-30 23:11:53,Paradox,https://www.douban.com/people/XuKyle/," 结构比想象中复杂中，情节也很丰富，故事不是单一主题，而是在残疾男童的周围全面讨论了家庭，亲情，友情和爱情。电影本身也没有可以煽情，是一部克制而温馨的作品。里面见到那么多熟悉的面孔，真是令人感到温馨。
        ",推荐,10,2017-11-30,23:11:53,4
2018-01-24 15:19:07,我是猫啊,https://www.douban.com/people/164799365/," 身边也有这样的孩子  而且也跟奥吉 一样  自强 努力 善良  通过自己的努力也打出一片属于自己的天空
        ",推荐,49,2018-01-24,15:19:07,4
2018-01-19 21:52:01,恶魔的步调,https://www.douban.com/people/Len./," 星战梗玩的溜啊…映前贴片是美国行动，让我想起汤姆．克鲁斯也有个烂脸梗：香草的天空。
        ",力荐,6,2018-01-19,21:52:01,5
2018-02-07 03:33:17,Ada Wang,https://www.douban.com/people/adakenndy/," 过于意淫童话般的美式校园青春励志片了，不过还是要给好评，社会需要这种童话正能量故事才能不断前进，可怜天朝多少五官俱全青少年还是不断遭受校园暴力和欺凌，然后关闭系列的内心世界变成一个内向自卑的孩子，没错，什么时候天朝家庭心灵教育可以成为国内摆在桌面上的讨论的话题时才是真正崛起的时刻
        ",推荐,6,2018-02-07,03:33:17,4
2018-01-15 11:53:38,Anasta,https://www.douban.com/people/wywmzyq1916/," 温暖、真实、达观、成长似乎是美国家庭电影的标配，希望在更多中国电影里看到。
        ",推荐,14,2018-01-15,11:53:38,4
2018-01-20 13:04:18,巴伐利亞酒神,https://www.douban.com/people/darkwood/," 这已经不是鸡汤了，这是糖罐子浸水了吧，而且政治正确的令人发指。但还是想大吼一声：星战，是多么伟大啊！major tom，是多么伟大啊！以及，每个人来到这世间，都是一次独一无二的奇迹！
        ",还行,13,2018-01-20,13:04:18,3
2018-01-19 17:58:29,Nicole Green,https://www.douban.com/people/160811328/," 一锅乱炖，没一个人物完整立得住，前因后果莫名其妙。开始应该展现男孩的成长，扯了一堆旁人的事还都没完整的交代。看到最后该得奖是那些同学吧？男孩除了聪明敏感还有别的特质吗？好人都让黑人当了，伟大的不知所起的友情啊。把孩子戏写的演的这么成人理智目的明确真的好吗？还得拿奖才能证明自己。
        ",较差,17,2018-01-19,17:58:29,2
2018-01-22 21:02:11,你大立,https://www.douban.com/people/yaoguanzi/," 好人也太好了坏孩子也太容易好了世界哪这么容易还不如让一起看的朋友停止哭容易
        ",还行,14,2018-01-22,21:02:11,3
2017-12-02 18:20:45,派翠克,https://www.douban.com/people/PatrickMYK/," 还是太中产阶级的美好幻想了，绝大部分的人对这男孩都很好，好到你不会觉得这是现实，关键充斥着大量那种每个角色都愿意迈出第一步跟男孩做朋友的套路，实在很难让人相信。几个POV也是形式大于内容，表现出来的情感爆发点非常突兀，让人纳闷为啥这点事都能哭一番的既视感。。。
        ",还行,5,2017-12-02,18:20:45,3
2018-01-19 23:45:37,莫吉托,https://www.douban.com/people/qinaidebaobao/," 好想知道爸爸给妈妈的礼物是什么
        ",力荐,18,2018-01-19,23:45:37,5
2018-01-20 14:59:05,what'swilliam,https://www.douban.com/people/52286623/," 4星。泪光闪闪的现实童话。1.从家人校长老师到小朋友，每个人都那么那么暖。2.姐姐真好。妈妈真好。小孩子们的天性真是纯真善良又可爱。3.善良一点，每个人都在和人生苦斗。4.把视角偶尔分给其他配角的处理很棒。5.有的人天生就是吃演员这口饭的。6.你知道星球大战在美国有多红了吧。
        ",推荐,7,2018-01-20,14:59:05,4
2018-01-23 18:55:02,方枪枪,https://www.douban.com/people/yalindongdong/," 其实是以奥吉为中心带出的群戏，讲述了他与生活在他周围的人们的转变和成长，难得的是所有角色的表演都恰到好处，故事就像冬日里的暖流一样，波澜不惊，却足够温暖。3.8
        ",还行,9,2018-01-23,18:55:02,3
2017-12-24 14:55:37,vivi,https://www.douban.com/people/vivifyvivi/," 有些对白挺戳泪点的，比如小孩对妈妈说你喜欢我不算数，妈妈说正因为我是妈妈才最算数啊因为我最了解你…… Jacob Tremblay年纪还这么小就已经加入扮丑俱乐部，演技不得了，不过我总嫌这样的孩子心机重。（英剧“The A word”里的Max Vento 才是我的菜）
        ",还行,8,2017-12-24,14:55:37,3
2018-01-31 14:44:23,翻滚吧！蛋堡,https://www.douban.com/people/7542909/," School sucks,work sucks,life sucks.总有人教我们这样那样的技能来在社会上生存，却忘了永远要站在善良那一面。
        ",推荐,5,2018-01-31,14:44:23,4
2018-01-21 19:54:38,Giroro,https://www.douban.com/people/156084837/," 你要相信，每一个人降生在这个世界上都有它的意义，每一个人都是独一无二，不可缺少的。孩子们的友情很纯粹，很简单
        ",力荐,5,2018-01-21,19:54:38,5
2018-01-21 20:16:59,斯齊佐飛力尼克,https://www.douban.com/people/VinKhan/," 这种先进的善良，我希望能在有生之日能够亲自感受到。
        ",力荐,11,2018-01-21,20:16:59,5
2018-02-03 21:11:12,zzy花岗岩,https://www.douban.com/people/3718831/," 不管影片看起来多俗多假多么说教，也不论它的拍摄手法多么平庸多么毫无电影技巧，在这个残酷的世界，像这样温暖的电影是永远被需要的。很开心我还能被这样的鸡汤感动~
        ",推荐,4,2018-02-03,21:11:12,4
2018-01-22 00:10:51,🤖,https://www.douban.com/people/50338646/," 真实哭得不行，literally每两分钟就鼻酸一下，没五分钟就泪目一次，第一次交到朋友，幻想自己穿着宇航服在走廊里跑跳时，泪止不住流……虽然很暖很甜被说不像是真实世界，但其实真实取决于你怎么看它。因为自己被善待过，也在他人身上回报过，所以相信它是存在的。
        ",推荐,7,2018-01-22,00:10:51,4
2018-01-23 23:21:06,小隐山上见乔迦,https://www.douban.com/people/langchuan/," 这的确是个看脸的世界，但那只是“第一印象”而已。以及，嫌对方长得不够好看并不是对方的错，是我们自身的肤浅。
        ",推荐,6,2018-01-23,23:21:06,4
2018-01-04 19:48:51,洋二,https://www.douban.com/people/47764376/," 虽然是改编自全球超级畅销小说《奇迹》 不过电影最吸引我的 却是发散式的视角 不是陈词滥调式的煽情励志 而是通过每个与之接触的人之间的牵绊和故事 来完成整个对整个社会体系的触动 照顾到了所有真实的一面 
        ",还行,12,2018-01-04,19:48:51,3
2018-01-06 23:45:49,何婊砸,https://www.douban.com/people/RockerHo/," 我们无法改变他人的外表， 却可以改变自己看待他人的目光。《星球大战》的彩蛋太搞笑了！Auggie和Jack真有CP感。Jack Will太帅太好看了，Via很美，Justin也很帅气。POV叙述手法，各种虚假闺蜜兄弟友谊，几度催泪。No one is ordinary.If you don't want to be ordinary,just try to be a special one.
        ",力荐,6,2018-01-06,23:45:49,5
2018-01-19 14:47:09,獨孤島主,https://www.douban.com/people/jywpl/," 对于可见与不可见的孤独的反应非常细致，结局回到了最俗常的家庭价值，略有一些失望。
        ",还行,10,2018-01-19,14:47:09,3
2018-01-19 20:04:41,付嘉方枪枪,https://www.douban.com/people/48276094/," 太棒了，影片传递的善良和尊重是我们这个社会正缺少的正能量。
        ",力荐,9,2018-01-19,20:04:41,5
2018-01-19 13:19:31,基瑞尔,https://www.douban.com/people/stevecarell/," 虽然说句“不哭就是xx”有点过头，但I mean it. 从原著追到电影，太喜欢Auggie这个人物。虽然觉得没有就此对许多障碍以及校园霸凌问题折射出更多的思考（尤其是Julian那个角色写得略刻意），但这部用善良和美好写的成长童话足以打动人心。摘下头盔，向前看—被激励，被感动。
        ",推荐,6,2018-01-19,13:19:31,4
2018-01-20 21:32:03,妙可中国,https://www.douban.com/people/53869175/," 很棒的冬日暖心佳作，多视角的刻画几个重要角色让本片霎时就与传统同类电影区分开来，可惜欧文威尔逊的角色还是被牺牲掉了。
        ",推荐,3,2018-01-20,21:32:03,4
2018-01-19 16:33:59,Creep_,https://www.douban.com/people/Creep_/," 和我想的有点不一样，是一个happy ending合家欢群戏，带了点迷影成分，看到Major Tom脱口而出的时候有加分。姐姐超像凯瑞穆里根，另一个姐姐也超像罗比。好久没看到欧文威尔逊了。
        ",推荐,2,2018-01-19,16:33:59,4
2018-01-19 21:16:22,皮革业,https://www.douban.com/people/pigeye/," 这铺天盖地的画外音啊，加再多星战梗儿也补不上分了……
        ",还行,5,2018-01-19,21:16:22,3
2017-12-29 22:29:56,蜉蝣,https://www.douban.com/people/lephemera/," 太甜太腻太说教，冲突都被严格控制在安全空间内。奇迹男孩的奇迹之处应该是在于生在了一个虽各有心事和小挫折，依然把他保护得特别好的家庭而不是他自己的品质吧。把几个配角孩子都照顾到的视角转换的同时，也削弱了叙事的代入感。
        ",还行,6,2017-12-29,22:29:56,3
2018-01-19 12:44:15,饕餮暴血,https://www.douban.com/people/63140830/," 拍的很有一套，纵使电影本身瑕疵有不少。不仅仅是奇迹男孩，是充满着时时刻刻每个人日常生活的奇迹。这种溢满全片的普世价值观能让人很容易的忘却电影制作层面的不足。在与生活苦战的日子里，善意确实也是最大的奇迹了，对评价这样一部电影同样适用
        ",推荐,8,2018-01-19,12:44:15,4
2018-01-20 18:30:07,有意识的贱人,https://www.douban.com/people/kejinlong/," 3.5 | 好电影有很多种，其中一种是润物无声、朴实无华、打动人心的，如同此作。
        ",还行,6,2018-01-20,18:30:07,3
2018-01-21 17:32:11,一封未读邮件,https://www.douban.com/people/162221258/," 翻译的名称给我带来了某种诡异的误区，让我以为这是小男孩成长的鸡汤史。但不是这样的，这是时间线在当下的童话故事。“请善良，因为我们每个人都在和生活苦斗。”善待他人就是善待q
        ",推荐,33,2018-01-21,17:32:11,4
2018-02-08 21:23:15,毛毛毛,https://www.douban.com/people/168023095/," 挺不错的，暖心的故事总是更能打动我，推荐！
        ",推荐,35,2018-02-08,21:23:15,4
2017-12-20 23:34:51,三七,https://www.douban.com/people/narcissus_iris/," 很暖。面目全非的Jacob小朋友依然可爱。
        ",推荐,4,2017-12-20,23:34:51,4
2018-02-01 18:20:23,风太大我听不见,https://www.douban.com/people/154798350/," 非常温情的一部电影，适合家人，朋友一起看，生活中很多情绪，细节，摩擦都有体现。我很同情奥吉，但via更触动我，我在她身上看到了很多自己吧。“善良一点，每个人都在和人生苦战”“想了解别人，只需要，认真去看”
        ",推荐,45,2018-02-01,18:20:23,4
2018-01-19 16:09:24,Icilian,https://www.douban.com/people/liuchuanzi/," 虽说太理想化了，但是真的很温暖啊。而本片最好看的并不是auggi本身，而是通过他去折射出身边普通人的成长变化。很多问题不是只有特别的孩子才会碰到，大部分青春期问题是每个人都要经历的，只是在某些特别的人身上难免放大。姐姐真的特别不容易，本片要推荐给家里有2个以上孩子的父母。
        ",推荐,10,2018-01-19,16:09:24,4
2018-01-20 13:53:01,米小粒C,https://www.douban.com/people/154389899/," 一部温暖人心的片子，里面真挚而纯洁的情感让我想起了怦然心动。影片以多个人的角度讲述故事，特别打动我的是姐姐和她朋友的部分。让人知道，你以为的不幸在另外一个人眼里可能是幸福，也许你看别人的生活很美满，但是事实上，冷暖自知。
        ",推荐,25,2018-01-20,13:53:01,4
2018-01-26 10:43:46,ZOE1412,https://www.douban.com/people/84406429/," 美式温情励志，旁观者看的挺轻松，其实家里每个人都不容易，也让人反思如果身边有这样一个人我们会以什么样的态度对待
        ",还行,1,2018-01-26,10:43:46,3
2018-02-03 12:29:01,Zitsunari,https://www.douban.com/people/qiaotaizi/," 把残酷的现实困境、复杂的人类情感简化成想喝随时端走喝的鸡汤，里面老师说善良和正确之间请选择善良，仿佛导演也在对观众说，眼泪和真实之间请选择眼泪
        ",还行,5,2018-02-03,12:29:01,3
2017-12-21 04:37:15,安大婶,https://www.douban.com/people/angela.dashen/," “如果在正确和善良之间必选其一，请选择善良” 这是一部充满善良和反思的电影。在有人作恶的情况下，导演和编剧选择了让角色用善良来解决事情。虽然有时真实世界不会这么完美，但电影不就是为了给我们希望而拍摄但吗？看脸的世界，有时花点时间去看看别人的内心，也许会有不一样的发现。
        ",推荐,12,2017-12-21,04:37:15,4
2018-02-26 00:32:26,小晨,https://www.douban.com/people/shapesofdreams/," 现实当然不会是这样，但是有这样的造梦人，就是一种鼓励。
        ",推荐,6,2018-02-26,00:32:26,4
2018-03-05 23:37:28,我要加油,https://www.douban.com/people/172453309/," 怎样的电影才算是一部好作品？

就像这部《奇迹男孩》，剧情简单，没有太大的波折，没有过多的戏剧冲突，却足够打动人心。可不到两个小时的时间里脱离现实，感受这理想化的善意与关怀，有笑有泪，有温暖有感动，这感觉实在是太棒了。

        ",推荐,48,2018-03-05,23:37:28,4
2018-02-03 20:08:29,赫恩曼尼,https://www.douban.com/people/62675594/," 在电影院里从头哭到尾，哭得怪不好意思的……但是从爸妈到小男孩，到那个帅气的小正太Jack Wil，真的好暖心啊，全程无抵抗力。要是每个孩子最终都能被这么温柔对待就好了。
        ",力荐,14,2018-02-03,20:08:29,5
2018-01-19 21:37:54,SELVEN,https://www.douban.com/people/SELVEN/," 70/100 多视点叙事的结构想要表达的万事都有两面性的意思是传递出来了，但其中一部分故事还是略显敷衍。不过总的来说，绝对是出色的类型片，制作水平很高。
        ",还行,3,2018-01-19,21:37:54,3
2018-02-05 02:14:19,LORENZO,https://www.douban.com/people/vividtime/," 三星半吧，剧情很老套，然而叙事很新颖，没有琼瑶很舒服。小男主（蔡少芬）和他朋友Jack演得超好，会红吧？长大一定很帅。。。
        ",推荐,5,2018-02-05,02:14:19,4
2018-01-06 18:39:08,birds,https://www.douban.com/people/yihuiw/," 读了半截原著不难想象电影画风，罗伯.莱纳的舒缓调子。没有反派，都是语言惹的祸。太适合囤给以后的孩子看！欧文，茱莉娅父母配角太优秀，奉献大半暖泪笑点。我们总会遭遇自己或他人的霉运，甜水糖的奇迹之外，苦战的现实呼唤人权教育和人心善意。room男孩全程糊脸，这是要捧另一个亮眼的萌娃出道啊！
        ",推荐,5,2018-01-06,18:39:08,4
2018-01-24 01:16:05,李不知,https://www.douban.com/people/143100790/," 看到小杰克就懂亲妈粉的心态了
        ",推荐,9,2018-01-24,01:16:05,4
2018-02-03 19:38:33,老狗,https://www.douban.com/people/jeffersontang/," 差点要飙泪。不管如何我被治愈了，这个小男孩这个家庭温暖了我整个冬天。8.2
        ",推荐,1,2018-02-03,19:38:33,4
2018-01-19 16:58:15,宅咬瑶,https://www.douban.com/people/61196519/," 作为一个从小就面部有残疾的人，这个电影还是挺入我心的。但是他难能可贵的是还关注了残疾人身边的人，苦情谁不会啊！温情才能打动人
        ",力荐,11,2018-01-19,16:58:15,5
2017-12-11 22:00:05,Lotte Mars,https://www.douban.com/people/LotteMars/," 这是一部蓄意用亲情子弹向你密集扫射的电影，结尾的理想化处理是很爽啦，但出影院吹来冷风还是一笑置之，很开心能被骗一回
        ",推荐,8,2017-12-11,22:00:05,4
2018-01-20 17:57:10,水怪,https://www.douban.com/people/shuixia1825/," 美帝中产阶级的基础礼仪与修养，早已从孩童抓起。看完直觉型地觉得这是一部高阶的咪蒙体电影，绝无贬义，中国的城市中产的确非常需要这样的教养速成课。
        ",推荐,10,2018-01-20,17:57:10,4
2018-01-19 20:45:48,马掰掰,https://www.douban.com/people/maboxian/," 连条狗都来骗眼泪？？？
        ",推荐,5,2018-01-19,20:45:48,4
2017-12-04 08:53:11,瓦轮胎,https://www.douban.com/people/ValentineQ/," 真的大概从三十分钟开始就哭不停了 best kid ensemble here! jacob真是小戏精 演jack的小演员长得是不是也太可爱了一点啊天哪 p.s很喜欢那句given the choice to be kind or be right, be kind.
        ",推荐,3,2017-12-04,08:53:11,4
2018-03-13 14:25:57,小鹿乱撞,https://www.douban.com/people/173856877/," 影片讲的是小孩子以前害怕别人嘲笑的眼光，一直是低着头，看别人的鞋走路的，后来慢慢的被接受，得到赞美关注，昂首挺胸，大大方方的，很正能量
                
                
",还行,35,2018-03-13,14:25:57,3
2018-01-26 15:03:50,Hunter,https://www.douban.com/people/hardwings/," 强行反派再强行洗白的一个个角色
        ",推荐,1,2018-01-26,15:03:50,4
2018-03-22 17:55:05,恶魔or天使,https://www.douban.com/people/174057527/," 一部让人感动觉得很窝心的电影，几次泪目了！里面的父母很好，姐姐很好，校长很好，老师也很好，所以奥吉很幸运。正如校长说的一句话:善良一点，因为每个人都在与人生苦战，所以希望大家都能尊重善待每一个人！人活着都不容易！
        ",力荐,23,2018-03-22,17:55:05,5
2018-01-20 16:09:30,楚翰彻,https://www.douban.com/people/141744320/," 低龄版《壁花少年》，用合适的画风讲述的合适的故事，效果显著，通过旁白直接构建戏剧结构的做法可以完善，但十分有效，辅以灵活的剪辑，让情绪流始终保证流畅，并使相对碎片化的情节有了一种沉浸效果，整体看下来用恰到好处的匠气消解了电影程式化的传统结局。
        ",推荐,5,2018-01-20,16:09:30,4
2018-01-21 19:51:17,狷介有乌青,https://www.douban.com/people/kidcby/," 【2018.08】善待他人，你永远不知道在面对命运的苦难时他们做出了怎样的抗争。
        ",推荐,3,2018-01-21,19:51:17,4
2018-01-28 21:35:15,陈长鬙,https://www.douban.com/people/56992607/," 没有任何有新意的地方，好处就是克制些，但打动人的方式依然是那么几招。
        ",还行,8,2018-01-28,21:35:15,3
2018-01-30 14:55:13,我也疯狂一回,https://www.douban.com/people/164799480/," 友谊、和爱  这个孩子的聪明善良激励了我们很多人，一起努力成为更好的自己
        ",还行,36,2018-01-30,14:55:13,3
2018-01-22 16:32:01,等风,https://www.douban.com/people/serinameow/," 我真真不理解这个8.6分是怎么给出来的，没有任何亮点，世界对男主真的太美好太顺利了，作为电影来看，矛盾一点都不突出，所有的爱与光荣都如此的理所应当，勉强给个三星是没有什么硬伤，如果给小朋友看应该会有一定的教育意义把
        ",还行,17,2018-01-22,16:32:01,3
2018-01-23 21:01:45,流浪の小圆头,https://www.douban.com/people/aaaaaaaaaaa/," 我们小学老师都教了啥？除了打小报告！
        ",力荐,6,2018-01-23,21:01:45,5
2018-01-20 22:48:06,唐小万,https://www.douban.com/people/imecstasy/," 最好的是把几个配角都照顾到了，没有一个人是容易的，我们总有这样或那样的问题。黑人小哥居然能用“独生子女”来撩妹，实在大开眼界。这么一想我也当过Jack Will。
        ",推荐,7,2018-01-20,22:48:06,4
2018-01-26 12:38:16,mirror,https://www.douban.com/people/mirrorjing/," 怎么说呢～我觉得这完全也可以叫：奇迹父母、奇迹姐姐、奇迹同学、奇迹校长。。。。
        ",推荐,1,2018-01-26,12:38:16,4
2018-01-19 19:56:10,Wadjda,https://www.douban.com/people/1815039/," 真是美好纯净啊，回头想想其实作者心里都明白，比如说到每个人都在和人生苦战，比如说到这些话你到社会上再说，是啊家庭学校毕竟是保护圈，真踏上社会就只剩一人而战了，但至少努力呼唤多一点善意总是好的；除了男孩还有个地方好飙泪啊第一次看罗伯茨的灰姑娘时也尚在保护圈里，而今已孤独苦战很多年了
        ",推荐,1,2018-01-19,19:56:10,4
2018-01-20 23:46:37,小丫头,https://www.douban.com/people/122536194/," 基本上没有剧情，只有温情。男主除了敏感和逃避什么也不会，却被所有人温情以待，连个误会都是玛丽苏式情结。看不出好在哪里，男主只是一味的在接受别人对他的好而已，奇迹在哪里？
        ",很差,13,2018-01-20,23:46:37,1
2018-03-21 21:20:17,平凡的。,https://www.douban.com/people/172419821/," 从出生就是奇迹的男孩奥吉，因为容貌，从开始和人相处时的自卑到自信，容貌固然重要，心灵美才真的美。
        ",推荐,23,2018-03-21,21:20:17,4
2018-02-03 21:19:12,mOco,https://www.douban.com/people/mycage/," 3.5 更像一个童话故事，特别浓的一碗鸡汤。有些意外的是居然是各个视角的叙事，局限性很明显，不过正好呼应主题，每个人的行为都有其缘由，要宽容要善良（be kind）。
        ",推荐,5,2018-02-03,21:19:12,4
2018-01-28 22:20:20,Carf,https://www.douban.com/people/4340710/," 儿童片，家庭片，一样也是社会教育片
        ",推荐,1,2018-01-28,22:20:20,4
2018-03-07 15:04:41,顾盼,https://www.douban.com/people/171272098/," 生命就是一个奇迹。
        ",推荐,28,2018-03-07,15:04:41,4
2018-01-20 10:44:22,Yome,https://www.douban.com/people/yome/," 走過了相對單純簡單的校園環境 之後還有成人世界各種複雜的困難重重等待著他.. 心疼
        ",力荐,7,2018-01-20,10:44:22,5
2018-01-19 22:07:07,jj73浅之,https://www.douban.com/people/asano/," 温情感人，但太梦幻不真实。适合给孩子看。小演员们都太好看了
        ",推荐,3,2018-01-19,22:07:07,4
2018-01-22 11:52:14,潇湘烟雨,https://www.douban.com/people/165023952/," 三星半吧，并没有太夸张的煽情，但却很暖心，影片从几个人的视角分别讲述比较新颖
        ",还行,27,2018-01-22,11:52:14,3
2018-01-20 20:32:07,四不象,https://www.douban.com/people/tabris17/," 很白左视角。主角一家是典型白左中产家庭，弟弟姐姐的好朋友来自单亲贫困家庭，姐姐的男朋友是有色人种，“反派”是富二代，家长为富不仁
        ",推荐,6,2018-01-20,20:32:07,4
2018-01-21 21:51:36,gegemoon,https://www.douban.com/people/gegemoon/," 很美好的故事，让人觉得生活还是有点希望的。
        ",推荐,4,2018-01-21,21:51:36,4
2018-01-20 22:01:55,潇雨,https://www.douban.com/people/54998502/," 小大人们演技真不是盖的，感动于他们对细腻情感的演绎，特别是小男主令人印象深刻。那校长简直可演邓不利多，太伟大了！最厉害的在于小说作者对每个敏感问题的诠释，不空洞不说教，处理方式得体恰当，这样就撑起了一个完美的剧本！但要说这个孩子同时也是幸运的，因为他有好爸妈好老师好校长和好同学！
        ",推荐,2,2018-01-20,22:01:55,4
2018-01-22 22:07:51,北岛淳子,https://www.douban.com/people/kitajimajunko/," 地球的业力太深，还是外太空适合我们，真实世界可没那么多善良的人。
        ",推荐,11,2018-01-22,22:07:51,4
2018-01-21 17:58:53,DrunkFox,https://www.douban.com/people/thera/," 面裂（包括唇腭裂）的孩子一生要经历许许多多次手术。作为医生，我们尽力治疗他们面部的畸形，但我总会想，除了身体上的畸形，他们和他们的家人在成长的过程中会经历更多心理和社会的考验。我无法振臂高呼去提醒世人宽容友爱，只好向大家推荐这部电影and be kind, always.
        ",力荐,6,2018-01-21,17:58:53,5
2018-02-04 22:31:33,王無為,https://www.douban.com/people/daisywong/," “If you have a choice between being right and being kind, choose kind.” 这句台词，是我整部电影的唯一泪点，并且久久扣问内心的大门。
        ",还行,3,2018-02-04,22:31:33,3
2018-01-21 19:54:04,荔枝超人,https://www.douban.com/people/richer725/," 是鸡汤，有点好喝的那种。值得家长和熊孩子去看。
        ",还行,6,2018-01-21,19:54:04,3
2018-01-26 23:25:39,Hey Johnny,https://www.douban.com/people/canny-leon/," 狗狗去世那小段瞬间泪目……片子太正能量了，看完觉得世界上有太多美好和善意，而且有二胎的绝对有必要看看这部电影。
        ",推荐,3,2018-01-26,23:25:39,4
2018-01-20 21:14:32,沐梵,https://www.douban.com/people/mufanxuanji/," 1.如果在正确和善良之间必选其一，请选择善良。2.多重视点探触每个人背后，没有谁的人生普普通通或一帆风顺每个人都是生命的奇迹。
        ",推荐,6,2018-01-20,21:14:32,4
2018-02-06 20:59:36,烈焰红唇龙,https://www.douban.com/people/lovehans/," 治愈系佳作。
        ",力荐,1,2018-02-06,20:59:36,5
2018-01-22 16:25:32,EKS,https://www.douban.com/people/willin/," 虽然这小孩可能会遇到交心的朋友，有爱他的家人，但是他这辈子都要与这个世界打交道，这辈子注定要面对无数次恶语冷眼，他的内心一定要非常非常非常的强大去才足以去承受这一切。真的。
        ",推荐,7,2018-01-22,16:25:32,4
2018-01-21 22:22:12,阿遥,https://www.douban.com/people/yaoyaolu/," 没有走俗套的小男孩励志感动全世界线路，而是如同最后一句台词：be kind，because everyone has a hard life. 为我女神多加一颗星，真的老了，眼角纹粉底+强光都遮不住了TVT
        ",推荐,2,2018-01-21,22:22:12,4
2018-01-19 22:00:23,ChrisKirk,https://www.douban.com/people/58244021/," 并非包装着彩色谎言的万圣节糖果，而是在下午与傍晚之间的半成品圣诞甜点，「外形」不算精美，味道不算特别，但找准了时机也算是一种胜利；变换于不同视角下的奇迹岁月到底还是赢得了最后的掌声，感谢那些魔鬼中的天使，是他们教会了我们爱与包容；小演员们都表现出相当独立的演技，被好友和姐姐圈粉。
        ",还行,1,2018-01-19,22:00:23,3
2018-02-05 23:32:28,Mr. Infamous,https://www.douban.com/people/misterinfamous/," 真是善意满满，看得心暖。但原来不是改编自真事，如此，知道善，却更知道现实的难。真难啊，总归不会有那种全然的自信与坚强。所以不只是敏感的Auggie如何直面残酷的现实，更重要的是，是周围的人如何在关怀的同时，疗治自己的悲苦。而真正的家人、朋友、师长都在，这种运气一点都不普通。
        ",推荐,1,2018-02-05,23:32:28,4
2018-01-20 23:37:25,南悠一,https://www.douban.com/people/Allan.Vr/," “这个世界人们总会看中外貌吗？”是的，诺亚-尤佩（Jack Will）火了。导演，你讲的故事似乎没什么用。
        ",推荐,8,2018-01-20,23:37:25,4
2018-01-20 20:58:46,Morning,https://www.douban.com/people/qiweiming750/," 三星半。触摸到了真挚诚实又柔软一面，前半部分虽然在童话里叙事，也有不少闪光之处，那句school sucks的台词也是很有意思的注解，丰富了这个可以纯净环境的剧本，它在讲人际关系，孤独的背后是什么，但后段却将一个一个回归到庸常而又机械的情节及反应里，不算是奇迹，只是爱的教育。
        ",还行,5,2018-01-20,20:58:46,3
2018-01-25 23:30:12,KID A,https://www.douban.com/people/gaomars/," 政治正确得一塌糊涂
        ",推荐,3,2018-01-25,23:30:12,4
2018-01-26 14:16:42,枕寒流,https://www.douban.com/people/143925468/," 结尾过于完美和仓率了些。
        ",推荐,1,2018-01-26,14:16:42,4
2018-01-19 20:14:26,璐璐,https://www.douban.com/people/147395631/," 三星半，片名应该直译“奇迹”，整部片子本身就围绕这个词铺开讲了各种各样的奇迹，当然男孩是串起这些奇迹的链子，你不需要在乎它的真实性，只要这个故事可以温暖到你，不论是它的哪部分，就已经值得你去感受。小雅各布正常发挥（学院欠他个奥斯卡提名），茱莉亚·罗伯茨那张脸太催泪，今天我才发现。
        ",推荐,5,2018-01-19,20:14:26,4
2018-01-21 22:00:59,薇羅尼卡,https://www.douban.com/people/zishuiyilan/," It's too good to be true. 暖而不煽，最为难得。整个故事结构很好，多侧面的刻画出一个完整的故事，而不仅仅聚焦在小男孩身上。但同时也时时刻刻出戏，因为太美好了而让人反观到现实的残酷。PS：想看下幕后花絮了解下奥吉的特效妆怎么画出来的（职业病），哈哈哈哈哈哈！
        ",推荐,3,2018-01-21,22:00:59,4
2018-01-19 20:28:24,Thomas,https://www.douban.com/people/thomasneeson/," 开多角色视角时还惊喜了一下，结果就是几个角色各自旁白几句？结尾试图强行煽情太可怕了。
        ",还行,3,2018-01-19,20:28:24,3
2018-01-21 15:36:19,二月飞雪,https://www.douban.com/people/139587725/," 几乎片中的每一次家庭对话都值得借鉴。
        ",还行,2,2018-01-21,15:36:19,3
2018-03-02 20:24:34,傻安安,https://www.douban.com/people/169092759/," 很单纯很美好的故事，温暖而感动，演员演技都好好，哭了好久
        ",力荐,32,2018-03-02,20:24:34,5
2018-01-26 09:36:50,雨夜树,https://www.douban.com/people/61756462/," 儿童、温馨、模式化……
        ",还行,1,2018-01-26,09:36:50,3
2018-01-19 21:44:32,goson,https://www.douban.com/people/goson/," 暖到爆炸，多视角叙述，每个人都有不易的一面，角色更加立体。对别人好一点，世界就好一点，这么粗浅的道理拍得高级而不说教。Ps.星战迷有福利！
        ",力荐,2,2018-01-19,21:44:32,5
2018-01-20 23:39:28,陈裸,https://www.douban.com/people/gothicgirl/," 很鸡汤了，小雅各布演技炸裂，前途可期。演他好朋友的小男孩也很纯真，整体选角不错。Owen Wilson和Julia Roberts缺乏CP感。
        ",还行,1,2018-01-20,23:39:28,3
2018-01-22 09:46:16,yuan,https://www.douban.com/people/yuannnnnnn/," 男主的friend就是儿童界的男神！
        ",推荐,10,2018-01-22,09:46:16,4
2018-02-04 18:03:06,夏树今天红了吗,https://www.douban.com/people/summerwoods/," 看到一半的时候就觉得，能生在这样的家庭中，面貌的意外也许是他这一生中唯一的不幸。在再大的困难面前，爱与家庭可以抵挡一切。
        ",力荐,3,2018-02-04,18:03:06,5
2018-02-28 16:01:06,睡不着的猫怪,https://www.douban.com/people/162143454/," 很喜欢影片中的姐姐，我和她差不多。一个温暖的家庭一定是需要温暖的父母
        ",推荐,28,2018-02-28,16:01:06,4
2018-01-19 21:14:27,小山生桂枝,https://www.douban.com/people/ssryyr/," 合家欢电影：善良+温暖的家庭+爱+勇气。现在越来越觉得，善良稀有而珍贵。
        ",力荐,2,2018-01-19,21:14:27,5
2018-01-20 15:52:25,aprilbadapple,https://www.douban.com/people/aprilbadapple/," 坐等配角小正太Jack Will 长大祸害万千少女
        ",推荐,6,2018-01-20,15:52:25,4
2018-01-21 01:16:49,辣豆腐,https://www.douban.com/people/172561377/," 生活不能给我们事事如意，但来自周围所能感受到的善意，会让我们更能看清自己，去面对所有生活带来的不友善。
        ",力荐,26,2018-01-21,01:16:49,5
2018-02-01 12:32:48,老脸,https://www.douban.com/people/sunshtlaolian/," 我想说的是，现实当然不及影像中的理想，但现实也是常人共同缔造的，你崇尚什么就缔造什么样的现实。你践行善意，现实就离理想越近；你拿现实当借口，就只能说你认同欺凌别人是合理的，就如同电影里朱利安的父母一样。
        ",推荐,3,2018-02-01,12:32:48,4
2018-01-19 14:07:05,SingLesinger,https://www.douban.com/people/singlesinger/," 每个人都有一段悲伤~~~Be kind.
        ",推荐,3,2018-01-19,14:07:05,4
2018-01-19 13:36:32,Vi,https://www.douban.com/people/iamcheese/," “在正确和善良之间，选择善良。”“要善良，因为人人都在跟生活苦战。” 冬季超温暖疗愈奶油蘑菇汤。
        ",力荐,4,2018-01-19,13:36:32,5
2018-01-20 14:39:10,Panda的阴影,https://www.douban.com/people/PandaMovieMusic/," 电影才刚开始，眼泪就往下掉，于是乎，自己换到没人坐的第三排中间位置，一个人抑制住哭声地抽泣：奥吉的脸部畸形原来是基因问题的遗传病，看到他家人细心地照顾他时、看到他被同学们排挤时、看到他被同学们渐渐接受时、看到他交到越来越多的朋友时……或暖心、或伤心、或开心、或感动…地留下泪水……
        ",力荐,2,2018-01-20,14:39:10,5
2018-02-01 21:55:31,彌張,https://www.douban.com/people/xiyangwuxie/," 很温情很正能量，当几个小孩子站在河边的时候还是觉得这个世界的美好大于丑陋。最近恰巧正在教一个有轻度自闭症的男孩，深刻感受到了他们极度敏感的小世界
        ",推荐,4,2018-02-01,21:55:31,4
2018-01-28 17:46:55,柚子,https://www.douban.com/people/64703352/," 是的，一个幸福美满的原生家庭，真的就是孩子人生坚固不破的堡垒，是一个人闯荡江湖的底气，是所有自信心建立的基石。爱能创造奇迹。
        ",推荐,8,2018-01-28,17:46:55,4
2018-01-31 11:08:27,Diva Tequila,https://www.douban.com/people/DivaTequila/," 无论如何 请一定保持善良和教会你的孩子如何善良
        ",力荐,1,2018-01-31,11:08:27,5
2018-02-01 21:33:07,非魚,https://www.douban.com/people/nofish/," 每个人都是奇迹
        ",力荐,1,2018-02-01,21:33:07,5
2018-01-20 00:39:21,上树母猪,https://www.douban.com/people/140896490/," 比普通类型片高明一点的地方就在于，多角度的讲述，不仅仅是只关注主角的成长。但你不能因为温情就给出5星。
        ",还行,9,2018-01-20,00:39:21,3
2018-01-26 17:03:17,瞬间收藏家,https://www.douban.com/people/rex2xt/," 家家有本难念的经，人之初性本善，都是被垃圾家长教坏的……最喜欢喜欢宇航员和楚巴卡的段落，除此之外作为好莱坞儿童励志电影来说，工整套路到近乎死板……一个地方不懂：为什么姐姐的朋友编这样的故事反而受欢迎？
        ",还行,0,2018-01-26,17:03:17,3
2018-01-22 22:36:54,Mumu,https://www.douban.com/people/shawxx/," 水龙头从入学第一天就关不上了……小姐姐真好啊
        ",推荐,1,2018-01-22,22:36:54,4
2018-02-06 00:29:32,steven,https://www.douban.com/people/63287465/," 打感情牌，俗套的剧情，类似的剧情已不新鲜，难道拍1000部同类型电影全都要打8.5分以上吗？
        ",较差,1,2018-02-06,00:29:32,2
2018-01-20 22:21:54,kiki204629,https://www.douban.com/people/kiki204629/," 正确和善良之间，我也会选择善良。当你生来就与众不同，你应该怎么和这个世界和谐共处。虽然这个故事完全按套路出牌，但还是很打动人，因为很朴实，每个人都是善良的，可爱的。焦点人物视角去讲故事，看待事物的角度不同就有不同的处事方式，别吝啬微小的善意，这是有协同效应的魔法。
        ",推荐,3,2018-01-20,22:21:54,4
2018-01-20 22:26:32,宅拾叁,https://www.douban.com/people/gongzitian/," 片子里面有所有你想看到的关于孩子和学校的真、善、美。我更愿意相信电影结束时还迟迟不走的观众不是在看片尾字幕，而是在等眼泪流干收拾收拾脸颊在走出影院，我不一样，我带了卫生纸。
        ",推荐,1,2018-01-20,22:26:32,4
2017-12-27 00:41:44,儿 子,https://www.douban.com/people/sophie1900/," 我们不是因为外表，选择和一个人交朋友或者喜欢谁，而是我们喜欢一个人，所以爱他的一切，包括外表。
        ",力荐,0,2017-12-27,00:41:44,5
2017-12-19 11:20:36,了了,https://www.douban.com/people/TERRYBEAR/," 充满善意，看这样的电影感觉很幸福
        ",推荐,4,2017-12-19,11:20:36,4
2018-01-20 13:41:20,韦恩斯坦_李,https://www.douban.com/people/wayne211/," 传统美式温情片，虽套路却也暖人。不知道故事是作者为一路冲突刻意为之，还是美国社会本就刻薄，如果真那样，我觉得还不如中国社会宽容。几位小演员都演的不错，但是我觉得姐姐那段故事似乎更感人，父母所为很多地方还是有欠缺。学校的老师们都很棒。
        ",推荐,1,2018-01-20,13:41:20,4
2018-01-30 23:37:22,朱老板,https://www.douban.com/people/Zivzhu/," Minecraft广告片！
        ",力荐,5,2018-01-30,23:37:22,5
2018-03-01 22:22:34,冲玄,https://www.douban.com/people/57714176/," 家里有钱，是不幸中的万幸吧。
        ",推荐,1,2018-03-01,22:22:34,4
2018-02-04 22:55:35,贝塔先生,https://www.douban.com/people/yahooor/," Have courage, and be kind.
        ",推荐,1,2018-02-04,22:55:35,4
2018-02-08 01:05:22,雨宫萤,https://www.douban.com/people/ayilacanoe/," 第一人称群像。就一般好看的儿童片。有些散。原来面具后面是小雅各布。7分合适。
        ",推荐,0,2018-02-08,01:05:22,4
2018-01-21 17:31:22,Mr.Or,https://www.douban.com/people/misteror/," Jack Will真的是太让人喜爱了
        ",推荐,5,2018-01-21,17:31:22,4
2017-12-19 09:32:48,judy,https://www.douban.com/people/judy0420/," 正能量的節日電影，很溫馨的故事。把善良彼此傳遞出去
        ",推荐,2,2017-12-19,09:32:48,4
2018-03-24 15:47:53,空空如也,https://www.douban.com/people/gymfsshmao/," 这是一个美好的童话故事，世界善良且温暖。
        ",推荐,15,2018-03-24,15:47:53,4
2018-01-21 15:29:45,Cassidy卡西,https://www.douban.com/people/CassidyRowe/," 我本来以为是一碗鸡汤，事实上是一碗上乘鸡汤，很喜欢多人叙事视角，另外，我总觉得Marinda好gay啊哈哈哈哈。
        ",力荐,1,2018-01-21,15:29:45,5
2018-01-26 22:25:53,李青菜,https://www.douban.com/people/zhenxianpoluo/," 都不知道这是什么片，顺风顺水一路顺到上台拿奖牌，明知道大团圆还是全程无尿点，还是全程擦眼泪。Julia Roberts咱是一块长大的呀，看了你那么多片，谢谢你的脸~
        ",推荐,6,2018-01-26,22:25:53,4
2018-01-22 08:08:06,小哲哲1980,https://www.douban.com/people/155985816/," 看之前觉得会是文艺电影，一定会闷的。结果看完之后，太好看了！
        ",力荐,2,2018-01-22,08:08:06,5
2018-01-05 13:56:20,二火山,https://www.douban.com/people/51016659/," 最棒的是将情感落脚点放在了几位配角身上，同情之外获得了更强的认同感！
        ",还行,2,2018-01-05,13:56:20,3
2018-02-21 12:58:44,红色条格衫,https://www.douban.com/people/154147105/," 一部让人潸然泪下的电影，感动！上帝关上一扇门的同时，一定为你开启了一扇窗，不抛弃不放弃，每个人都有闪光的一面，请善待他们！
        ",推荐,3,2018-02-21,12:58:44,4
2018-01-20 19:43:34,Posnia,https://www.douban.com/people/48654601/," 同样玩结构，讲故事能力却能甩清华一大截。
                
                
",推荐,1,2018-01-20,19:43:34,4
2018-01-21 13:27:42,巴卫,https://www.douban.com/people/148569744/," 治愈系电影，释放泪水的影片，对于这种类型的我没有抵抗力
        ",力荐,4,2018-01-21,13:27:42,5
2018-01-25 17:58:27,凌子本凌,https://www.douban.com/people/47506572/," 为什么会有Jack Will这样的小天使😭😭😭😭😭😭😭😭❤️❤️❤️❤️❤️❤️
        ",推荐,4,2018-01-25,17:58:27,4
2018-01-22 15:37:36,una,https://www.douban.com/people/Shahrazad/," 还不错，只是没有我想象中那样催泪，男孩的周遭太暖了。倒是姐姐让我哭了。那个will感觉会长成一个大帅哥。
        ",还行,3,2018-01-22,15:37:36,3
2018-01-19 22:29:09,风蚀蘑菇,https://www.douban.com/people/EmeraldKinoko/," 与壁花男孩同样熟悉的配方熟悉的味道。小小nerd又酷又有趣，看似温情细嚼都是苦涩，它不是纯纯的政治正确只有好人，那些微妙的复杂情绪更让人有感触。朋友是会迎合别人说一些半真半假的话的，即使是发小也会暗自妒忌的，懂事的姐姐爱弟弟但也会委屈，父母感到歉疚但最狗屎的就是这不是任何人的错
        ",推荐,6,2018-01-19,22:29:09,4
2018-01-20 18:48:44,朴灿烈,https://www.douban.com/people/44028431/," 典型的美国家庭，实在是又温柔又甜心。不过观影氛围实在太糟糕，看到电影里的孩子一个比一个懂事，再看影院里上蹿下跳的熊孩子真想把他们一一掐死
        ",推荐,4,2018-01-20,18:48:44,4
2018-01-26 22:09:19,aaron,https://www.douban.com/people/yuyanjun/," 多一点善良，因为每个人都在和生活苦战。
        ",还行,2,2018-01-26,22:09:19,3
2018-02-12 13:20:37,桃子,https://www.douban.com/people/alwaysbestrong/," 温暖，治愈。小章节、圣诞节，像是青春版的《真爱至上》 。崇尚酷文化还是很好的，因为酷，就可以超越阶级。但与此同时，虽说鼓吹人人平等，影片里的“反派”也是固化印象的代表：有色人种、穷人家、超重的小孩同情心强。爱打扮的姑娘、土豪家庭就是被批判的对象……
        ",推荐,1,2018-02-12,13:20:37,4
2018-01-04 16:39:13,虎哥,https://www.douban.com/people/57460299/," 大爱Jacob和Noah Jupe！
                
                
",推荐,2,2018-01-04,16:39:13,4
2018-01-07 10:13:00,Rostock,https://www.douban.com/people/Aria910922/," 鸡汤如果是这个口味，那我真的想天天喝
        ",力荐,6,2018-01-07,10:13:00,5
2018-01-19 20:03:33,Singin'in rain,https://www.douban.com/people/glorymanutd/," 这部电影最好的地方就在于它不单单将视角聚焦在小男孩身上，而是围绕着他拍了一部群像戏，从多个视角讲了一个非常暖的故事，虽然事先知道会很催泪但依然哭成狗。Jacob这么小就开始改变形象作出这么好的表演，简直前途无量，各种影帝可期啊！
        ",推荐,4,2018-01-19,20:03:33,4
2018-01-20 13:11:35,晚不安,https://www.douban.com/people/yellowmoonbird/," 所有家庭都会遇到难题，更不用说人生。但只要每次都选择善良，事情总会迎来转机。这部片子让我重新意识到电影的可能性，我们没有必要拒绝诚挚的煽情。在特殊儿童的教育议题上，可以和《天才少女》横向比照。多视点丰富了电影的内容，《奇迹男孩》的童年，《壁花少年》的青春，导演勾画出美式心灵成长史
        ",力荐,3,2018-01-20,13:11:35,5
2018-01-19 21:50:11,蝎子莱莱,https://www.douban.com/people/mr_tree/," 无甚新意的美式温情片 不过看完更觉得莱昂纳多应该把小金人还给雅各布
        ",还行,3,2018-01-19,21:50:11,3
2018-02-06 17:23:01,Yuyii,https://www.douban.com/people/YUYII/," “Kindness is everywhere, all you need to do is look....So , I guess, we just to look, look for the goodness. They are actually....everywhere.”
        ",推荐,4,2018-02-06,17:23:01,4
2018-01-20 23:43:28,La~jum~bo,https://www.douban.com/people/58203248/," 7.9 Jack Will. 真实而可爱。他没有“特殊”就很普通，他会讲出伤人的话但或许只是为了取悦别人，他可以勇敢也能够反抗，他懂得而后成长。父母真的是这个世界最伟大也是最困难的职业，陪伴与成长。Be kind.
        ",推荐,4,2018-01-20,23:43:28,4
2018-01-19 21:00:32,王草三心,https://www.douban.com/people/wangrui22/," 建议学校组织全体师生观看！
        ",力荐,7,2018-01-19,21:00:32,5
2018-02-21 12:16:09,岬,https://www.douban.com/people/sacwr/," 一个世界的理想。Be kind，for everyone is fighting a hard battle. 
        ",力荐,0,2018-02-21,12:16:09,5
2018-01-21 23:42:44,kylegun,https://www.douban.com/people/2265138/," 不帮忙的狗和哭泣的老爹，疏离的友人和丢失的头盔，dirty dancing母女时光，林中群架打水漂，Darth Sidious和Chewbacca友情客串点赞，不错的童话群像
        ",力荐,2,2018-01-21,23:42:44,5
2018-02-13 20:08:54,chamatin,https://www.douban.com/people/monty_z/," 这种才是学校应该组织去看的电影啊
        ",推荐,1,2018-02-13,20:08:54,4
2018-02-11 22:52:37,默暖,https://www.douban.com/people/44451374/," 小男孩竟然是演房间的
        ",推荐,1,2018-02-11,22:52:37,4
2018-02-16 19:36:30,潜意识,https://www.douban.com/people/catuncle1988/," 这一类励志儿童鸡汤还是美国佬最拿手顺手。生而为人，哪怕再独立的选择性个体，也需要家庭与社会的尊重，关怀，友爱和温暖。
        ",推荐,2,2018-02-16,19:36:30,4
2018-01-19 21:23:37,井戒,https://www.douban.com/people/draco1892/," 实在是太好哭了。wonder这个名字更准确，不仅auggie是wonder，他更是一个trigger，让身边人都产生奇迹。更喜欢在于电影通过多人视角讲述故事，每个人物都可爱。冬日温情，暖入人心，真好。
        ",推荐,2,2018-01-19,21:23:37,4
2018-01-19 19:22:03,我快乐我幸福,https://www.douban.com/people/138576790/," 好久没看到欧文威尔逊了。
        ",推荐,2,2018-01-19,19:22:03,4
2018-01-30 12:10:21,鱼鱼爱吃饭,https://www.douban.com/people/liven/," 这是我在电影院第一次落泪的电影，人人都需要爱。
童年里最缺最渴望的东西，往往会伴随一生。
还好那位小男孩走出来了，同理还有他姐。
生活有时候很残酷，父母的爱，环境的包容，尊重等真的太重要了。
        ",推荐,2,2018-01-30,12:10:21,4
2018-01-20 17:51:41,一张疯子照,https://www.douban.com/people/TZ4651/," 俗套温暖治愈系，但从来毫无免疫，继续热泪盈眶地度过两小时。每个人都在人生中苦战，保持善良，用心感受。（未来影帝默默诞生中！）
        ",力荐,5,2018-01-20,17:51:41,5
2018-04-08 05:26:42,肥嘟嘟左卫门,https://www.douban.com/people/alcudish/," 过于套路美好了，只能当童话看。但贵在不炒作苦情，把相当多关注点放在了常被忽视的周围的人身上。卷毛小基友和姐姐尤其好评。总体甜而不腻
        ",还行,1,2018-04-08,05:26:42,3
2018-01-22 13:30:30,米米米妮,https://www.douban.com/people/minionline/," 故事本身就……还好吧，但是！但是！小卷毛基友也太可爱了！犯错之后只想要原谅他啊！！！
        ",推荐,3,2018-01-22,13:30:30,4
2018-01-21 23:06:25,"Orange,",https://www.douban.com/people/35998666/," 选择善良。
        ",力荐,3,2018-01-21,23:06:25,5
2018-01-22 05:00:04,埃蘭迪爾,https://www.douban.com/people/41419698/," 非常暖心的故事，围绕小男孩身边的每一个人最后都成了完美的背景板，烘托着世上的真善美。太过完美的人物，每个出现的“坏人”都在十五分钟内被全力漂白，这实在不算一个好的故事。
        ",还行,1,2018-01-22,05:00:04,3
2018-01-21 16:24:21,一个仙女,https://www.douban.com/people/esther89/," 非常非常好看：）是我的菜。
        ",力荐,3,2018-01-21,16:24:21,5
2018-01-20 01:08:28,山上风下,https://www.douban.com/people/nieblalan/," Everyone is born to be alone, but also unique. Be kind, and defend the kindness, that's your gravitation. 这碗清亮甘冽的鸡汤喝哭了。
        ",推荐,2,2018-01-20,01:08:28,4
2018-01-15 12:32:13,麦子,https://www.douban.com/people/93694286/," 任何物体都保持静止或匀速直线运动状态,直到其他物体对它作用的力迫使它改变这种状态为止。人生亦是如此，母亲作出送他上学的决定，让他迎来了新的世界，而学校里有了他的存在，孩子们有了不一样的生活，生命的轨迹正在发生变化。与其说是物理使然，我更愿意相信这是爱的魔法。请相信善良，选择善良。
        ",力荐,3,2018-01-15,12:32:13,5
2018-01-28 22:51:55,六翼在天堂,https://www.douban.com/people/raphael0525/," 亲密关系教科书。良好的教育来自父母来自家庭来自学校来自我们周围的一切。
        ",推荐,2,2018-01-28,22:51:55,4
2018-02-13 19:52:04,bobobolao,https://www.douban.com/people/74176502/," 呃..剧本真的好乌托邦,但不失为一部好电影,且特别适合在教室,学校礼堂里等小孩子扎堆的场所来放,因为从小孩的角度来看,影片确实很治愈很能引起共鸣 但从成年人的角度看,抛开影片的内核不讲,剧情设定却有些'尬' 因为有些细节比如Jack为什么那么说Auggie,Miranda不理Via的原因等有点强行设定的感觉
        ",推荐,1,2018-02-13,19:52:04,4
2018-02-02 13:19:43,熊能能脚不沾地,https://www.douban.com/people/newbear/," 关爱儿童的方式不是特别呵护。而是把他们看作正常人。
                
                
",推荐,1,2018-02-02,13:19:43,4
2018-01-05 01:15:58,chuchu,https://www.douban.com/people/86728823/," 感人但不灑狗血! 純良的劇本!! 選角超級成功~~~
        ",推荐,2,2018-01-05,01:15:58,4
2018-02-01 03:56:15,JA5ON™,https://www.douban.com/people/flower21/," 正能量但太刻意了，也许这是我们理想中的真善美，但也请脚踏实地一点，不要给予太多幻想。
        ",还行,0,2018-02-01,03:56:15,3
2018-02-03 16:58:30,fomalhaut,https://www.douban.com/people/37586252/," 片名翻译严重误导。这不是一个关于面部畸形男孩奥吉的奋斗成长奇迹，而是一个关于奥吉周围的人的奇迹，一个家人朋友同学老师可以克服偏见，一致尊重一个畸形儿的社会奇迹。另外，美国中学生好喜欢演Our Town，从《成长的烦恼》麦克就开始演了。
        ",还行,3,2018-02-03,16:58:30,3
2018-01-21 22:05:42,翰小七,https://www.douban.com/people/64692199/," 我也想和杰克做好朋友！！！
        ",力荐,5,2018-01-21,22:05:42,5
2018-01-27 19:06:50,"shooin,",https://www.douban.com/people/shooin/," jack will打架受委屈扑向老师怀里的时候好心疼催泪～
        ",推荐,2,2018-01-27,19:06:50,4
2018-01-22 16:19:33,此地不流行喜劇,https://www.douban.com/people/138682277/," 这片子配8.6吗？
        ",还行,6,2018-01-22,16:19:33,3
2018-01-20 14:22:34,望月封道,https://www.douban.com/people/urielwang/," 全维度在线。
        ",推荐,2,2018-01-20,14:22:34,4
2018-03-21 06:47:38,晴空一度,https://www.douban.com/people/174972854/," 暖心的治愈系题材，影片的主题思想是围绕理解和接纳的故事情节展开的。普通生活中的人和事，更能让观众产生共鸣，每个细节都会融化你的心，唤醒每个人对真善美的呼唤。其实我们这个社会处处需要正能量，需要有人引领正确的人生观和价值观。

        ",推荐,16,2018-03-21,06:47:38,4
2018-01-20 19:23:52,glim,https://www.douban.com/people/glim/," 就一部教育片来说，不错。另外，第一次感受到了大嘴的演技
        ",还行,1,2018-01-20,19:23:52,3
2017-11-20 03:41:03,天亮说晚安,https://www.douban.com/people/jijiayu/," 要坚强
        ",推荐,1,2017-11-20,03:41:03,4
2017-12-05 00:25:31,本初老儿,https://www.douban.com/people/alacrity516/," JT小同学这次的表现并没有很抢眼，因为这是标准的群戏。每一个演员都不可或缺。
        ",推荐,3,2017-12-05,00:25:31,4
2018-01-26 23:24:58,皮蛋瘦肉粥,https://www.douban.com/people/67223886/," 因为重力，我们总要落回地面上，然后摘掉头盔，面对坎坷，面对生活……
        ",推荐,3,2018-01-26,23:24:58,4
2018-02-04 21:06:45,WiTS,https://www.douban.com/people/weilinwang/," 此片的红线基础是经济宽裕
        ",推荐,2,2018-02-04,21:06:45,4
2018-01-19 18:45:53,阿猫,https://www.douban.com/people/basicword/," 仿佛看见十年前磕磕碰碰的自己（school sucks）
        ",力荐,6,2018-01-19,18:45:53,5
2018-01-22 23:22:13,一句话影评,https://www.douban.com/people/62457534/," 心灵的地图指引方向 面部的地图见证过往 简单的议题 用心去看待一个人 不同于以往讲述少年成长的电影 奇迹男孩加入了孤独的主题 人生来都是孤独的 无论是锃亮的皮鞋 还是随性的球鞋 生而为人总要去承受一些磨难 总要去孤独地想通一些事 这样平等的主题传达 如春风化雨般让人信服
        ",力荐,1,2018-01-22,23:22:13,5
2018-01-19 21:14:35,姜小白,https://www.douban.com/people/bdleizi/," 刚好Black Mirror看完了e2，被那两母女气死了，看这个童话甜甜的很治愈。他身上继承到他父亲的风趣幽默，这太难得了；夏令营哪一架打的尽兴；姐姐的友情挽救的很让人感慨。他真的很激励人，小伙伴们都惊呆了。
        ",力荐,3,2018-01-19,21:14:35,5
2018-03-12 22:40:35,爆米花教主,https://www.douban.com/people/64213791/," 有些理想化的故事，愿你被这世界温柔相待。小演员们演技碉堡了
        ",力荐,0,2018-03-12,22:40:35,5
2018-02-01 21:29:51,老罗Lazzaro,https://www.douban.com/people/lazzaro/," 温暖正能量，人与人之间的相互正影响也受限于美好电影故事中，以四人视角来呈现的方式挺特别。
        ",还行,1,2018-02-01,21:29:51,3
2018-02-04 08:44:53,LoVe,https://www.douban.com/people/Veronicam/," 开篇没几分钟小朋友去上学的时候就让我有点泪目了。真的是催泪大片，还好后面每个人物的故事都以温暖结束。有点像怦然心动的结构。几度因为琐事想退出，但是因为太暖心，而不忍关掉。在这个接连受到打击和挫折的冬天，就像送上了一杯热可可，甜腻的让你不忍舍弃。
        ",推荐,0,2018-02-04,08:44:53,4
2018-01-21 16:37:41,麻绳,https://www.douban.com/people/ma-sheng/," 原谅我没找到泪点，只是特别暖心。原以为是一个残疾小孩自强不息的故事，没想到着力点在于亲情和友情。善良是征服世界的终极武器，这碗鸡汤我干了。
        ",推荐,5,2018-01-21,16:37:41,4
2018-01-26 15:47:52,fire,https://www.douban.com/people/65366516/," 拍得很套路，但是故事跟选角真的挺好
        ",推荐,0,2018-01-26,15:47:52,4
2018-01-24 07:51:18,公子顾一,https://www.douban.com/people/163050072/," 微博上有人推荐去看的，看完真的是爆哭，朋友说我泪点低，好吧，但是这部片里面家庭的温暖，友情的单纯与美好真的很让人向往
        ",力荐,3,2018-01-24,07:51:18,5
2018-04-03 21:04:21,团小纸,https://www.douban.com/people/skymoto/," 非常顺畅的剧情片，以及赞美美好的家庭
        ",推荐,0,2018-04-03,21:04:21,4
2018-01-19 20:09:29,毛香菇,https://www.douban.com/people/xiaomao58/," 好的电影，就是让你看的时候找到共鸣，了解自己，也理解了别人。wonder都做到了。
        ",力荐,6,2018-01-19,20:09:29,5
2018-01-31 15:38:40,张苑希,https://www.douban.com/people/79221774/," 寒冬最适合看这种暖心治愈鸡汤片啦。多视角铺陈剧情显得更为独到，不单单只局限于孩童的成长的世界，更多的向我们展示了每个人在生活中都会经历的痛苦挣扎与无奈。宽容与理解，友善与真诚。正所谓生而为人，已属不易，何不与人为善呢？
        ",推荐,1,2018-01-31,15:38:40,4
2017-12-28 22:40:49,大包菜,https://www.douban.com/people/48166498/," 这种片子竟然有这么高的分？我们看的难道不是同一部吗？本来想给两个星，看这个打分得往下拉啊。同去电影院看的朋友吐槽说，这就是儿童版小时代啊。影片到最后简直坐立难安，片子跟裹脚布一样又臭又长。
        ",很差,5,2017-12-28,22:40:49,1
2018-01-20 20:20:20,白发生,https://www.douban.com/people/A-Marvin-T/," 甜而不腻，沁人心脾。选择善良，就是发自内心地尊重所有不同。一赞视角转换，将传统手法运用得恰到好处，引领观众走进主角之外的人物内心，通过切身体会生活对任何人都并不友好而令主题更具信服力；二赞首尾呼应，奥吉身后的壁纸化为真正的星空，寓意唯有敞开心扉，才能拥抱更加广阔的世界。
        ",推荐,1,2018-01-20,20:20:20,4
2018-02-02 23:20:33,Emmy,https://www.douban.com/people/emmychang/," 超级好看，每次想到小宇航员在走道蹦跶的场景就感动地想哭
        ",力荐,1,2018-02-02,23:20:33,5
2018-03-18 02:49:16,生人回避,https://www.douban.com/people/51911319/," 有趣的是，Jacob的荧幕首秀《Room》中的角色名与本片Auggie的朋友同名都叫Jack。巧妙的折射了最纯真和善良的人性闪光面。
        ",推荐,1,2018-03-18,02:49:16,4
2018-01-22 10:57:53,张太太在这里,https://www.douban.com/people/xiaoxiaocom/," 这样充满爱意的家庭 只能存在纽约的中产  这样充满爱意的世界  只能存在电影中
        ",推荐,2,2018-01-22,10:57:53,4
2018-02-12 07:04:04,yocofcjx28,https://www.douban.com/people/149120019/," 还是很好看的！但这类励志片总感觉不大真实，像童话！
        ",推荐,2,2018-02-12,07:04:04,4
2018-01-19 21:27:12,泉の向日葵,https://www.douban.com/people/boliwawa/," 温暖。围绕一个脸部畸形的小男孩，展开他周围家人、同学、朋友的心态，演员的表演很打动人。有时候，人就是要看着电影做梦。家庭环境是可以塑造孩子人格的，那个有钱的小男孩家长与校长的对话，就是一桩证明。奥吉问妈妈：是不是人们一直要以貌取人。妈妈说：我也不知道。但人的面貌地图是生活的证明。
        ",推荐,2,2018-01-19,21:27:12,4
2018-01-19 16:16:13,张咏轩Wayne,https://www.douban.com/people/55617091/," 这样的题材真的没有抵抗力，像冬日的太阳照的人通透温暖，不是贩卖悲惨和苦情，不是引流批评和审判，而是教你学会直面自我，唤起人性中良善的部分
                
                
",推荐,2,2018-01-19,16:16:13,4
2018-01-20 23:52:25,威廉寡言,https://www.douban.com/people/shiwufeiyu/," 以家庭关系和友谊为主线，插入“畸形”儿童成长中自卑心理、校园凌霸、友情破裂。我们期待关注人的教育，中国什么时候才能把人当人看待，而不是灌输意识形态，面对成人世界的谎言，以及更糟糕的凌霸和性侵呢?关于道德维度的善良和功利维度的计较的讨论很有意思，实际每个人都计较，但要多一些善良。
        ",还行,2,2018-01-20,23:52:25,3
2018-01-19 22:29:08,萌发奇想,https://www.douban.com/people/9881459/," 虽然“弱者如何克服先天弱势”的暖心故事有很多，但是还是会被这样特殊的主人公平凡的故事所感动，哪怕最终他还是会落入俗套。雅各布从房间就开始关注他，一个不可估量的未来之星，但是在这部电影里几乎每个人都有他\她的亮点，奥吉、维娅、米兰达、杰克…在爱和尊重这样的情感中学会成长，成就奇迹！
        ",推荐,1,2018-01-19,22:29:08,4
2018-01-19 22:50:46,剪刀手波特,https://www.douban.com/people/foxduck/," 最近在思考一些问题，恰巧就看了这个片子。前几天跟最好的朋友打电话还提到了“善良”。今天看了这个，感觉想提醒我什么。“在善良和正确之间做抉择时，选择善良。”特别喜欢表现奥吉开心的时候，奥吉穿着宇航服跑跳的镜头，纯净的心灵让人动容。每个人都在与人生奋战，Be Kind。
                
                
",推荐,1,2018-01-19,22:50:46,4
2018-01-27 16:47:21,教堂殘死蘿莉碾,https://www.douban.com/people/MoiNightingale/," 小雅各布脸糊成这样都能看得出演技很不错，一众面瘫卖人设的鲜肉干肉老脏肉们不觉得惭愧？
        ",推荐,1,2018-01-27,16:47:21,4
2018-01-25 21:46:30,夏茶君,https://www.douban.com/people/MissBunny/," 如果正确和善良之间必选其一，选择善良
        ",力荐,2,2018-01-25,21:46:30,5
2018-02-08 17:28:16,逻姬恨剧透,https://www.douban.com/people/sirluoji/," 故事视角比较全面这样特殊家庭每个人都不容易加姐姐视角满加分的。爱上jackwill弟弟。miranda也好美不过她故事略奇葩。鸡汤到不行。太空元素略用滥了。大嘴太女主了吧
        ",还行,0,2018-02-08,17:28:16,3
2018-01-27 17:57:25,不想做神仙鱼,https://www.douban.com/people/eric_iiw/," #choosekind 转瞬即逝的伴我同行片段虽略显突兀却很动人。
        ",还行,0,2018-01-27,17:57:25,3
2018-01-31 22:56:19,香蕉大王😎,https://www.douban.com/people/bananation/," 「B」人是社会关系的总和，这句话套在任何一部主角是“问题儿童”并被“上学”的剧集中都适用。不管是聪明绝顶的小sheldon还是非典型孤独里的自闭弟弟，校园矛盾多种多样，家中姐姐哥哥总是得不到父母关注，看起来套路十足却一次又一次赚足眼泪。最出彩的是被jupe撩到了，真的是太可爱啦！
        ",推荐,1,2018-01-31,22:56:19,4
2018-01-03 05:23:02,RITA,https://www.douban.com/people/RITABMW/," 罗伯茨有着真实的身体 脸 和心
        ",推荐,1,2018-01-03,05:23:02,4
2018-03-23 23:21:17,羊男的乌鸦,https://www.douban.com/people/shixideshechi/," 惟善选择者生存 天赋和选择不同。聪明是一种天赋，而善良是一种选择
        ",推荐,0,2018-03-23,23:21:17,4
2018-01-20 17:48:25,伽蓝,https://www.douban.com/people/56677691/," 电影给予的越温馨，它背后的事理就越残忍。
        ",还行,2,2018-01-20,17:48:25,3
2018-01-20 00:03:35,悟饭婆婆,https://www.douban.com/people/taizih/," 男孩的奇迹是因为他身旁的那些天使，多数人都是善良的。电影里看到一些美国人的家庭观与教育观，加上导演采用多视角的方式进行叙述，很喜欢这样的处理。每个人背后的故事，都是心酸与动人的。正如片中所说：每一个人都值得我们一起为他鼓掌。不过整部影片拍得过于梦幻，反倒显得不够真实和有力。
        ",还行,1,2018-01-20,00:03:35,3
2017-12-21 01:23:54,赵启辰,https://www.douban.com/people/10345879/," 圣诞节需要这样的温暖
        ",推荐,2,2017-12-21,01:23:54,4
2018-01-22 12:44:35,上善若水,https://www.douban.com/people/148589665/," 聪明是种天赋，但是善良是种选择。（喜欢这个童话的世界，阳光温馨治愈）
        ",推荐,2,2018-01-22,12:44:35,4
2017-12-17 06:24:29,大麻,https://www.douban.com/people/marijuana-yama/," 今年看过最暖心的作品。超爱影后开解Auggie时说的‘Just because I'm your mom, I should be counted most as I know you the most'。准备好纸巾，这部戏绝对从头哭到尾。另，Auggie的小基友jack超萌！！！！
        ",力荐,2,2017-12-17,06:24:29,5
2018-02-23 20:00:57,zhang 2nd,https://www.douban.com/people/zhanger/," 这片也看哭了，我的泪点啊
        ",推荐,0,2018-02-23,20:00:57,4
2018-01-26 21:28:28,沈十六,https://www.douban.com/people/shenshiliu/," 真挚，令人激动的真挚。几个男孩站在湖边的画面可以记好久了。“善良一点，因为每个人都在对人生苦战。”
        ",力荐,4,2018-01-26,21:28:28,5
2018-02-19 02:07:56,小熊饼干流眼泪,https://www.douban.com/people/sophie125/," 温暖鸡汤电影，不腻，能看得进去
        ",推荐,1,2018-02-19,02:07:56,4
2018-01-06 17:29:25,深夜声咽,https://www.douban.com/people/sfroompp/," choose kind be kind，昨晚刚好看了朱姨差不多30年前的风月俏佳人，耙耙麻麻好可爱，好有爱的一家awww…最可爱的星战竟然在这里…
        ",力荐,1,2018-01-06,17:29:25,5
2018-01-25 22:27:22,life,https://www.douban.com/people/life8287/," 上海第一场雪，临时起意去看。很温暖，故事里每个人的结局都很好。有纪念意义的一部电影。
        ",力荐,2,2018-01-25,22:27:22,5
2018-02-16 02:58:45,大灰狼的兔,https://www.douban.com/people/dahuilangaitutu/," 小清新般的温暖，小说写得很感人，电影中规中矩。
        ",推荐,0,2018-02-16,02:58:45,4
2018-01-24 14:41:14,Soda兰,https://www.douban.com/people/sodaorchid/," 这种类型的片子就怕刻意煽情，然而能拍出“壁花少年”般克制的卓博斯基果然没有，配合周遭“配角”们的视角，更完整地看这个故事和故事里的所有人，尽管这是一个被美化了的故事啊~配乐还是一样好的品味~哭点很奇怪之我们的小镇closing
        ",推荐,1,2018-01-24,14:41:14,4
2018-02-01 21:14:32,Chunyan ,https://www.douban.com/people/flora1984/," 从头哭到尾。
        ",力荐,2,2018-02-01,21:14:32,5
2018-01-21 19:38:21,bay135,https://www.douban.com/people/4563289/," 真的是一部非常好看暖心的电影。我刚开始抱着一个一般励志片的单线叙事电影，满脑子都是老套的主角遭遇歧视描写啥的看的。。结果影片前半段视角一转，把所有周围的人都描述的很好。善良，质朴又温馨，大大的超出了预期，好感度倍加！
        ",推荐,2,2018-01-21,19:38:21,4
2018-01-31 18:23:25,幻灵小月,https://www.douban.com/people/phoebe627/," 鸡汤电影，非常温馨甜蜜感动的一部，但其中有很多不自然的部分，好朋友背后说的坏话也设计令人费解，是吹牛还是两面派、主演让位、坏小孩的道歉都来的太突兀，使感动都不太真实了。我们了解真实社会，我们会接受社会中一大部分难以逆转的恶，所以我们才会为社会中难得的一丁点善而动容。
        ",推荐,0,2018-01-31,18:23:25,4
2018-01-20 19:58:25,掐爆你的西瓜,https://www.douban.com/people/99984552/," 感动常在
        ",推荐,1,2018-01-20,19:58:25,4
2018-01-20 00:01:27,发条,https://www.douban.com/people/90525586/," 6.0 糖太多其实会变苦的。更喜欢导演前作
        ",还行,3,2018-01-20,00:01:27,3
2018-01-20 19:09:28,给我个电话亭，我要拯救地球！,https://www.douban.com/people/xiza/," 老泪横流！
        ",推荐,2,2018-01-20,19:09:28,4
2018-01-27 19:50:37,大猫,https://www.douban.com/people/AlexandRie/," 哈尔滨这么冷的天 看完这部电影心里暖暖的
        ",力荐,1,2018-01-27,19:50:37,5
2018-03-16 09:12:38,潍舞翩翩,https://www.douban.com/people/72712114/," 你出生与众不同，别人对你善或不善，尊重或不尊重。你都应该活出自己，和家人相亲相爱！！！！！！！
        ",力荐,1,2018-03-16,09:12:38,5
2018-01-04 18:57:51,慢先森,https://www.douban.com/people/mr.slow/," 温暖的电影，真正的平等不是特殊关爱照顾，而是熟视无睹无差别的对待。@解放碑UME
                
                
",推荐,4,2018-01-04,18:57:51,4
2018-01-24 21:54:51,杨欢喜Metiche,https://www.douban.com/people/metiche/," 姐姐生气时的一句话才是点题，don’t you know the world is not always about you! 很遗憾，结尾狠狠地打脸了这句拔高却真正现实的台词，让一切都回到美好却虚假的掌声与欢呼中。给4星因为所有人的演技都不错，淡淡的不招哭，观影体验很舒适了。
        ",推荐,2,2018-01-24,21:54:51,4
2018-01-26 23:05:05,沉默的玩,https://www.douban.com/people/chenmodewan/," 美帝太反动了，居然公然嘲笑有钱有权有颜，这是与中国人民对着干啊
        ",推荐,2,2018-01-26,23:05:05,4
2018-02-26 23:50:03,披披,https://www.douban.com/people/szzdszxx/," 狭隘的我觉得校长样的人太难得一见
        ",还行,3,2018-02-26,23:50:03,3
2018-01-19 23:49:53,申由己,https://www.douban.com/people/f021/," 故事很不错，导演和编剧都很厉害，很温暖的励志故事。喜欢！
        ",力荐,1,2018-01-19,23:49:53,5
2018-01-24 12:20:41,董肥樂,https://www.douban.com/people/4361447/," 教育观正，应该再给黛西一个小标题章节？
        ",还行,1,2018-01-24,12:20:41,3
2018-02-17 04:06:07,Lonely,https://www.douban.com/people/47461599/," 7.0/10 分。适合全家人看的正能量电影。打高分的都是感情很丰富的人吧，就电影本身而言，个人觉得不值8.6分。。。另外，本片的政治正确性让人恶心，比如非要给女儿找个黑人男友。。。丹妮尔·罗丝·拉塞尔，五官精致、青春靓丽。。。
        ",还行,0,2018-02-17,04:06:07,3
2017-12-18 04:56:55,蓝色波丽露,https://www.douban.com/people/urnotlauretta/," 最好的友情、爱情，还有比最好还好的亲情。从Auggie第一天上学过马路的地方开始就一直暴风哭泣到大结局，大概是今年看过最喜欢的一部成长电影。
        ",力荐,4,2017-12-18,04:56:55,5
2018-01-26 01:07:33,Ring,https://www.douban.com/people/ring_ring/," 完全工业化鸡汤 但是不馊 剧情流畅 大家都略可爱 但是讲道理这剧本要是弄成迪士尼动画估计要爆【
        ",推荐,1,2018-01-26,01:07:33,4
2018-01-23 22:55:46,英格威尔,https://www.douban.com/people/ingwerstein/," 小男孩的好基友有点像Pasha……
        ",推荐,1,2018-01-23,22:55:46,4
2018-01-20 22:03:38,空中散步,https://www.douban.com/people/egegegg/," 曾经我也是奥吉。高中时因为病而几近毁容 整整一个月躲在家里没上学 妈妈总是小心翼翼地围着我转 朋友一个个离我而去。于是在第一幕的最后 被霸凌后委屈又生闷气的那段 哭得不能自已。所幸我也跟他一样 顽强地走过来了。真的非常感谢没有放弃我的家人 感谢那些愿意接纳我的新朋友。
        ",力荐,2,2018-01-20,22:03:38,5
2018-01-27 22:46:21,杉爷,https://www.douban.com/people/ge.fat/," 其实故事有点散乱，想讲的内容太多了～但确实很温暖。小孩子们都长得太可爱了！那对儿漂亮的大眼睛。不过整个过程我都免不了在推测狗血的剧情，但从头到尾原来是彻彻底底的温情片啊！深感我被狗血剧荼毒太深了…
        ",推荐,0,2018-01-27,22:46:21,4
2018-01-21 17:03:27,砂糖橘,https://www.douban.com/people/87492129/," 感觉是个很简单的电影啊，好莱坞滤镜真的能平均加2分么
        ",还行,3,2018-01-21,17:03:27,3
2018-02-01 16:09:44,匡匡,https://www.douban.com/people/rakumm/," 说实在，小童星雅各布的那张小脸儿，尽管被特效化妆整成了“小怪物”的模样，我仍然觉得可爱到简直萌化了，大大的眼瞳里面充满了表达，而且放在同龄儿童里显得格外小只的身板儿，也特别招人疼。怎么会有这么可爱、这么会演的小朋友啊！
        ",还行,0,2018-02-01,16:09:44,3
2018-01-19 15:41:26,EWGemini Lee,https://www.douban.com/people/18629326/," 75/100 奥吉是父母和姐姐眼中的太阳，奇迹男孩是冬日里观众心中的太阳。无比暖心，每次切换一个角色自述的镜头都和吃了蛋挞一样甜而不腻。如果有可能，我希望这部电影永远的放下去，没有结局，因为每个角色都是可爱的人。
        ",推荐,2,2018-01-19,15:41:26,4
2018-01-20 00:38:16,郝小勺,https://www.douban.com/people/121933130/," 不真实的温暖，可想而知的套路，但如果当作一出童话来看就会觉得特别完美。不同角度叙述成长，情节推进细腻独到，前半部分要强过后面，观感轻松。这样的电影虽然俗套，却有真情，真善美的东西永远受用。看完很开心，想吃糖🍬
        ",推荐,2,2018-01-20,00:38:16,4
2018-04-05 20:09:10,若ε❤з水,https://www.douban.com/people/tiannhb/," 已经很久没有这么深的触碰过爱。来自自己的，亲人的，朋友的，恋人的。爱多么美好，深深渴望。我越渴望纯粹，便越认清人的爱中的私有。我向往完全的无私。却挣脱不了私爱中占有的牢笼。那就感受它吧。探索它吧。让它绽放吧。并且，相信它，恒存。我看到了人性的美好，天然，希望。
        ",力荐,0,2018-04-05,20:09:10,5
2018-01-21 11:41:51,梅岭藏殊梅长苏,https://www.douban.com/people/54153810/," 都是小天使👼
        ",推荐,1,2018-01-21,11:41:51,4
2018-02-01 00:15:14,仲山奥理,https://www.douban.com/people/zhongshanaoli/," “他不能改变他的相貌，也许我们可以改变我们的眼光”，一个天生脸部畸形的小男孩，凭借自身的善心与勇气逐渐将周遭的欺辱变作关怀，虽然故事被导演拍得过于理想化，但还是会让观众很感动，奇迹也能如此平凡，只要大家与人为善，这个世界便会更加美好。★★★☆
        ",推荐,0,2018-02-01,00:15:14,4
2018-01-19 21:36:32,薛定谔的彗星,https://www.douban.com/people/142176365/," 6论教育的重要性。表演大赞。视角转换在影片后半段的消失使得影片重回平庸之流。
        ",还行,3,2018-01-19,21:36:32,3
2018-01-19 22:49:44,彭于晏,https://www.douban.com/people/wy19951206/," 年纪大了，不爱喝鸡汤了。
        ",还行,1,2018-01-19,22:49:44,3
2018-01-27 19:59:06,DreamReaver,https://www.douban.com/people/a_lying_eight/," 润物无声的善良故事，拥抱了每个角色的烦恼。我们当然明白现实生活里善的环境是脆弱的（美国中产尚如此，丛林社会就更别提了），但这不意味着电影不好，它更像是爱的教育，告诉家长、老师、孩子，什么是应该做的。多视点转换想起《告白》，后者是残酷的另一极端。男老师是Ham里的拉法叶，惊喜~
        ",推荐,1,2018-01-27,19:59:06,4
2018-01-26 12:56:50,富奸桑~~雅灭蝶,https://www.douban.com/people/43046875/," 不幸的又是幸运的
        ",推荐,2,2018-01-26,12:56:50,4
2018-01-31 15:30:11,小捕头,https://www.douban.com/people/59963161/," 希望世界上每个人不幸的小朋友生来有爸妈的疼爱，有聪敏的智慧，有可爱的同学，还有慈爱的老师~
        ",推荐,2,2018-01-31,15:30:11,4
2018-02-04 17:11:02,蒋瞰,https://www.douban.com/people/hlm/," 就像1988里豹纹女对术后正峰说的第一句话不是“好点没”而是“你辛苦了，我没有给你一个好身体”，心怀歉疚的家长对有缺陷孩子的爱和教育让我从头哭到尾。也许啊，我的孩子会来得晚点，但不是坏事。
        ",力荐,1,2018-02-04,17:11:02,5
2018-04-01 21:37:27,半拉西瓜……,https://www.douban.com/people/yuhuaizi/," 这部片子最好看的不是关于奥吉本身而是以他为中心建立的关系与小世界。
        ",推荐,0,2018-04-01,21:37:27,4
2017-12-21 04:58:02,今天天气好,https://www.douban.com/people/teghl/," 如此虚高的分数
        ",很差,3,2017-12-21,04:58:02,1
2018-02-08 00:13:59,Strelizeia,https://www.douban.com/people/anitaforever/," 孩子的世界总是很纯真的，这部本来套路的电影却依旧看点满满，从家长和老师们的角度，姐姐和朋友的视角，孩子的视角和选择，感谢导演没有做的很完美，一如欺负人的孩子虽然意识到错误他的家长却说现实会教育auggie，也许是也许不会，正确和善良，请用心就能听到。
        ",推荐,0,2018-02-08,00:13:59,4
2018-01-20 21:17:44,鲸鱼君,https://www.douban.com/people/4370686/," 《奇迹男孩》：它营造了一个几近童话般的无害世界，亲情、友情、爱情都有了，这么有爱的电影让人看了格外暖心。虽然它反对歧视和校园霸凌的意图最为明显，但其实更重要的是它教会了我们如何善待自己：不能改变容貌，但能改变看待事物的眼光。还有，那两个小男孩也太可爱了，吵架、和好都那么萌。★★★
        ",还行,2,2018-01-20,21:17:44,3
2018-01-22 12:46:43,SadHostel,https://www.douban.com/people/SadHostel/," 觉得每一个参与了这部电影的人都在为这个世界积德
        ",力荐,2,2018-01-22,12:46:43,5
2017-12-07 11:03:22,ℓightreus,https://www.douban.com/people/lightreus/," 本以为是俗套鸡汤催泪片，小伙伴力荐下还是去看了，惊喜！很多套路，但也能从不同角色身上找到自己成长的影子，对懂事的小孩子没有抵抗力啊... 特别喜欢演Jack的小演员，怎么长得好看的小孩子都叫Noah啊！！
        ",推荐,1,2017-12-07,11:03:22,4
2018-01-22 13:31:02,东湖美景,https://www.douban.com/people/145709182/," 父亲的角色有点像为这位欧文·威尔逊 天生浪漫、阳光、有“气管炎气质”的男演员量身打造的.
        ",推荐,1,2018-01-22,13:31:02,4
2018-01-24 22:30:19,seabisuit,https://www.douban.com/people/seabisuit/," 今年第一部五星更是哭片，大嘴和欧文简直完美父母的模版，搭配风靡的养蛙游戏感受娃在外边过得好不好体会更佳。分章节从几个不同视角对各年龄性别的孩子成长心理的变化更立体地展现，因小男主的特别而对周围人的影响说明每个人都那么的与众不同，突然插入的星战人物和幻想也很治愈，要有心到处都是朋友
        ",力荐,0,2018-01-24,22:30:19,5
2018-01-23 00:44:24,盔盔酱,https://www.douban.com/people/nongnong424/," 看的时候感觉像极了十几年前CBS拍的电视电影Front of Class,都是被命运选中的男孩，一个生生不息的故事和一个understanding family, 但是这部要精美许多，对于一个星战迷，当男孩说自己喜欢Star Wars,真想立马起身上前握手
        ",推荐,1,2018-01-23,00:44:24,4
2018-02-03 20:50:42,西門·T+ ing,https://www.douban.com/people/SIEMEN/," 善良一点 因为每个人都在与人生苦战 给每个人心中为人知的挣扎一个拥抱 这个冬季里的最暖 没有之一
        ",力荐,1,2018-02-03,20:50:42,5
2018-03-09 22:43:02,粟冰箱,https://www.douban.com/people/subinni/," 还不错啦，但后面看得有点无法投入，好像还差一点力量。世界好人还是很多的，选择善良，少些恶意。
        ",推荐,4,2018-03-09,22:43:02,4
2018-02-04 23:08:10,面儿Ran,https://www.douban.com/people/ymyloveconan/," 终于在电影下档之前看了。喜欢男主的朋友杰克·威尔
        ",力荐,3,2018-02-04,23:08:10,5
2018-01-27 21:02:30,阿顺,https://www.douban.com/people/sunjishun/," 在善良和正确之间选择善良。
        ",力荐,2,2018-01-27,21:02:30,5
2017-11-19 01:46:51,魔法炼金术士,https://www.douban.com/people/133569910/," 一个小男孩带给周围人的奇迹。冬日暖阳。
        ",还行,2,2017-11-19,01:46:51,3
2018-01-19 18:59:05,plutx,https://www.douban.com/people/iamnoone/," 善意和恶意都是无意的，可我们还是要在这无意的夹缝中奋力生存。
        ",推荐,1,2018-01-19,18:59:05,4
2018-01-22 13:57:58,indicent time,https://www.douban.com/people/51061132/," 最后一句话翻译一下就是：人都过的苦着呢，多点体谅多点爱，人生特别美好。十多年，从软盘到u盘，十多年的人生啊，不从父亲流泪开始就感动的不行了，不消费特殊人种转而关注身边人真情实感。故事说是青少年版《三个广告牌》没有意见吧，应该拿来做国内父母教师必看教学片
        ",力荐,2,2018-01-22,13:57:58,5
2018-02-19 12:25:41,山下猫,https://www.douban.com/people/muxialiang/," Dream family
        ",推荐,0,2018-02-19,12:25:41,4
2018-01-21 15:03:33,arthurlulu,https://www.douban.com/people/1134710/," 这个角度 拉高了生活的高度 “人生皆苦战 善待用心看”
                
                
",力荐,1,2018-01-21,15:03:33,5
2018-01-19 22:38:52,YQY-Vader,https://www.douban.com/people/124006390/," 成于平淡，败于平淡。的确有生活细节点滴，但也有让人觉得刻意之处，好在于每一处情感点到即止，没有去放大，特别喜欢前半部分的多视角叙事，与《Begin Again》如出一辙，讲故事的方法还是挺讨喜的。另外，作为一个星战粉，所有梗都能提前get到，弥补了在星战8里找不到梗的遗憾
        ",还行,6,2018-01-19,22:38:52,3
2018-01-20 03:25:11,深度电影圈,https://www.douban.com/people/53822613/," 全卡司演技在线，喜欢里面的所有角色，反欺凌以及做人一定要善良的电影。
        ",力荐,6,2018-01-20,03:25:11,5
2018-01-20 21:57:30,Salvatore,https://www.douban.com/people/ushiyo_chan/," 小男主太动人了。喜欢姐姐
        ",力荐,1,2018-01-20,21:57:30,5
2018-02-05 14:03:58,Love Scarlett,https://www.douban.com/people/ymm/," 好莱坞走正能量路线，有点不习惯。miranda有点像梁小竹，好看。
        ",还行,0,2018-02-05,14:03:58,3
2018-01-19 13:40:33,四川麻美,https://www.douban.com/people/miyaM/," 小学都该包场组织学生去看！！！
不要再在我旁边不停闹腾了！！！
        ",推荐,1,2018-01-19,13:40:33,4
2018-02-11 09:27:51,D I D A,https://www.douban.com/people/lajetee/," 我很喜欢电影里视角的突然转换，像是迈克·李的《Another Year》和理查德的《Boyhood》，本片的三个视角转换也是令人感到惊喜，但是从第四个转换开始（片长仍剩一半），电影就朝着为励志而励志的无脑甜齁俗套线路狂奔，刹不住车的后半剧情令人十分腻烦。
        ",还行,1,2018-02-11,09:27:51,3
2018-01-17 00:23:40,伪淡定小姐,https://www.douban.com/people/some_Ji/," 每一个点都实实在在戳在我的心窝子上。年纪大了真的是越来越感性了要老命了。做好了心理准备但还是哭成棒锤，幸好自带抽纸。你们每一个善良的人们，都是wonder。小男孩演技太好了，爸爸真的超可爱。希望以后自己也是很棒的家长教育很棒的小孩。Jackwill特别特别乖，长得有点像小蜘蛛。
        ",力荐,1,2018-01-17,00:23:40,5
2018-03-10 10:57:07,七彩糖果,https://www.douban.com/people/174205101/," 生活是曲曲折折的往前走，不会总是一帆风顺的，背后的亲人是你前进的动力
        ",推荐,15,2018-03-10,10:57:07,4
2017-12-07 04:45:01,阿绿,https://www.douban.com/people/elfscarlett/," 看到stardust和Major Tom就不能抑制地想起鲍爷。电影里有句话可以用来一生警示自己，When given a choice being right or kind, be kind. 
        ",力荐,2,2017-12-07,04:45:01,5
2018-01-24 22:09:54,will,https://www.douban.com/people/willdawn/," 感动
        ",较差,0,2018-01-24,22:09:54,2
2018-03-19 22:40:35,Hengcuo,https://www.douban.com/people/macrossduck/," 不仅自己成长，其他人也跟着成长~ 暖成狗屎
        ",力荐,0,2018-03-19,22:40:35,5
2018-01-20 16:21:09,EnjoyRachel,https://www.douban.com/people/enjoyrachel/," 多视角的确是一个很大的亮点，很俗的剧情，但还是挺感动的。在包容和接受他人的过程中，自己也会变成更好的人。PS：大国土里的saul真是完全一样的扮相，真的是毫无违和感
        ",推荐,1,2018-01-20,16:21:09,4
2018-02-02 23:40:02,哪 吒,https://www.douban.com/people/zuosan/," 成为一个善良的人比成为任何聪明的、富裕的、漂亮的人都要难很多。
        ",还行,1,2018-02-02,23:40:02,3
2018-02-04 09:27:11,横道世之介,https://www.douban.com/people/139015254/," Auggie can't change the way he looks. So, maybe we can change the way we see.
        ",推荐,0,2018-02-04,09:27:11,4
2018-02-06 10:22:41,杜若洲,https://www.douban.com/people/lczy/," “如果在正确和善良之间必选其一，请选择善良。” 亲密关系的教科书。父母以关爱与教育呵护，姐姐以独立与包容呵护，朋友以尊重与喜爱呵护，老师以公平与敏锐呵护，自己以坚强和聪敏不断成长，成就了奇迹男孩。
        ",推荐,0,2018-02-06,10:22:41,4
2018-02-14 21:46:37,微喵的兔姑娘,https://www.douban.com/people/dianxincha/," 温暖，善良，宽容，理解，以及，幽默
        ",推荐,0,2018-02-14,21:46:37,4
2018-01-19 19:18:17,高等游民阿朽,https://www.douban.com/people/fuxiu/," 又一部温情片，感觉活在了乌托邦…
        ",推荐,0,2018-01-19,19:18:17,4
2018-01-31 22:45:37,蚂蚁没问题,https://www.douban.com/people/rachel-rachel/," 能分出笔墨写写姐姐和姐姐的朋友，这种在故事里并不中心的人物，是技高一筹
        ",还行,0,2018-01-31,22:45:37,3
2018-02-01 10:35:29,Q·ian·Sivan,https://www.douban.com/people/Plumed__Serpent/," 「If they stare, let them stare. U can't blend in when u're born to stand out.」「Auggie can't change the way he looks. So, maybe we can change the way we see.」「Be kind, for everyone is fighting a hard battle. And if u really wanna see what peole r, all u have to do is look.」
        ",推荐,0,2018-02-01,10:35:29,4
2018-02-16 23:36:27,暴走君,https://www.douban.com/people/sofiamini/," 满分美国式家庭片
        ",还行,0,2018-02-16,23:36:27,3
2018-02-01 18:30:11,女宛心兑,https://www.douban.com/people/41637500/," 是部很美好的电影。事情总是两面，更多面的，一个立方体从一个角度看我们都看不完全部，何况是人，如果非要在正确和善良之间选择，请选择善良。我们脸上的痕迹代表着我们去过哪里做过什么，它从来不是丑陋的。超喜欢演杰克·威尔的男孩，好可爱哈哈。
        ",推荐,0,2018-02-01,18:30:11,4
2018-01-27 15:50:09,没有,https://www.douban.com/people/renren0223/," 天太冷要喝鸡汤
        ",还行,0,2018-01-27,15:50:09,3
2018-01-23 12:34:56,is4dog,https://www.douban.com/people/is4dog/," 人家的类型片真成熟
        ",还行,2,2018-01-23,12:34:56,3
2018-02-07 23:22:50,mamiehu,https://www.douban.com/people/liumeimei1215/," 中文版Again 没那么好 很传统的美国故事
        ",还行,0,2018-02-07,23:22:50,3
2018-03-27 19:07:33,某J。624,https://www.douban.com/people/june4cat/," 其实没有太大新意，但就是那种很希望身边每个人都去看看的电影，be kind，因为每个人都在与人生苦斗。小男主一家真的太好太好了。非常非常非常喜欢Jack，有好的家庭教育是多么重要的一件事。
        ",推荐,0,2018-03-27,19:07:33,4
2018-02-25 14:17:40,7,https://www.douban.com/people/4054463/," 20180225，星空影城，一个人。从头哭到尾，哭掉三包纸巾，哭到偏头疼发作。太温暖太治愈太仁慈了。每一个角色都很成立，每一个情节都很make sense。好想有一个孩子，带着TA走进电影院一起看这样的电影。今天影院里基本是家长带着孩子来看的，全都非常有素质，全程没有孩子发出噪音。感恩。
        ",力荐,1,2018-02-25,14:17:40,5
2018-01-23 02:54:51,Lycidas,https://www.douban.com/people/raquelycidas/," @balmes 想成为姐姐那么温柔的人，想要Owen当我爸爸。
        ",力荐,2,2018-01-23,02:54:51,5
2018-01-20 17:36:31,发条橙,https://www.douban.com/people/169721244/," 凌冽冬日里的一片暖阳，温暖感人。寓教于乐的儿童片，关于童年，关于友情，关于家人以及一切美好的事物。不止是小男孩，片中的每一个角色都有丰富的心路历程刻画，因此片中大小角色都非常饱满有趣。剧情贴近现实生活，鸡汤不俗套，故事不狗血，就是尽情让你感受到这个世界的积极与善意的一面。推荐！
        ",推荐,1,2018-01-20,17:36:31,4
2018-02-21 13:21:43,汤圆看电影,https://www.douban.com/people/174107507/," 治愈系的温情电影，可以让人从头到尾的落泪，故事并没有刻意渲染孩子悲剧的命运，而是用众多的细节讲述他遭受了不公待遇，却把善良、爱心、友好传递给大家。是一部难得的适合家庭来看的片子！
        ",推荐,3,2018-02-21,13:21:43,4
2018-01-31 00:14:01,Sabrina,https://www.douban.com/people/15401327/," 细腻。几个小孩子面对同学，家人的微妙心理变化刻画的有耐心，节奏也好。当一个好家长、好老师并不容易。
        ",力荐,0,2018-01-31,00:14:01,5
2018-03-23 21:54:53,又又,https://www.douban.com/people/wxs723/," 太温暖了，里面每个人都好善良，坏孩子都很善良…
        ",还行,1,2018-03-23,21:54:53,3
2018-02-02 08:50:45,哑哑哑舍½,https://www.douban.com/people/162531446/," 主角即便经历了27次痛苦万分的割肉削骨整容，依然摆脱不了走在路上被人当怪物围观的命运。我们能做的是对世界只需稍微善意一点点，改变的也许就是当事人的整个人生。愿每个人都能尊重别人的不完美。


        ",力荐,1,2018-02-02,08:50:45,5
2018-02-02 10:01:51,短发拾年,https://www.douban.com/people/duding/," 与其说这部片像童话，不如说更像一个美好的乌托邦吧，每个人都善良温暖像冬天的大太阳。这样的家庭才配有小孩，这样的校园才更适合小孩成长啊。以及我都没发现那个小孩原来是蔡少芬……´_>`
        ",推荐,1,2018-02-02,10:01:51,4
2018-02-08 20:38:09,小葱,https://www.douban.com/people/150291867/," 每个人都在与人生苦战，善良一点
        ",推荐,1,2018-02-08,20:38:09,4
2018-02-03 17:43:49,莫莫先生,https://www.douban.com/people/62888853/," 精致得不温不火。PS：表白Jack，全身都是男友力√ 这娃应该不会长残……
        ",推荐,1,2018-02-03,17:43:49,4
2018-01-19 17:56:53,cliosong,https://www.douban.com/people/cliosong/," （7.0）前面除了必要的煽情之外，还贡献了某个经典模式的温馨式用法，这算没料到的。后面太多次强带节奏，在不合时宜的地方制造高潮然后又突然平淡，后面不好。但是整个看下来确实很感人。那姐姐像凯蒂·霍尔姆斯。
        ",推荐,2,2018-01-19,17:56:53,4
2018-01-31 08:46:02,11,https://www.douban.com/people/sherlyandnicole/," 二胎宣传片
        ",还行,1,2018-01-31,08:46:02,3
2018-01-20 20:43:34,南枳,https://www.douban.com/people/crystal81/," 每一个角色都是奇迹
        ",力荐,1,2018-01-20,20:43:34,5
2018-01-20 23:07:15,萤木C,https://www.douban.com/people/cazze/," 覆盖面很广，每个角色都有让人打动的地方
        ",推荐,8,2018-01-20,23:07:15,4
2018-02-14 14:29:13,windy,https://www.douban.com/people/155132457/," 整个故事里几乎没有什么坏角色，那个虚伪的朱利安本来可以好好刻画一下，结果感觉也没做啥过于出格的事，导致整部电影没有戏剧性，过于平淡，而且太不切实际了，过于童话，假~不过影片从不同的少年的角度与心路历程出发还是很有感染力的，也解释了他们行为的出发点~不算太感人，也不很励志，就是鸡汤片
        ",推荐,1,2018-02-14,14:29:13,4
2018-01-22 16:47:38,兔兔猫,https://www.douban.com/people/2681453/," 蛮感人至深的片子，基因病崔契尔柯林斯症候群」(Treacher CollinsSyndrome)这种基因缺陷病真的好残酷，面部缺失在这个看脸的世界注定遭受不公和伤害。影片呼吁人们要用心看世界，爱护弱势人群，不要以貌取人的去欺凌弱者，强大的内心和家庭的温暖可以战胜一切浮华的表象！
        ",推荐,4,2018-01-22,16:47:38,4
2018-02-04 16:12:29,hedgehog,https://www.douban.com/people/hedgehog/," 好喜欢这种剧情片，有一种90年代电影的感觉
        ",力荐,1,2018-02-04,16:12:29,5
2018-01-02 09:00:16,Amelie,https://www.douban.com/people/32808615/," 尽管美好得不真实，但很多细节却十足精彩入味，比如妈妈放学接儿子时看见儿子拥有了一个同龄朋友时的激动......围着Auggie的每个人都是善的反而让他成了真正的人生赢家。全程笑中有泪，很值得一看。
        ",推荐,1,2018-01-02,09:00:16,4
2018-01-19 14:16:21,花儿果果,https://www.douban.com/people/iorl/," 暖暖的。当你用善意来对待世界时，它将对你也温柔以待。
        ",推荐,1,2018-01-19,14:16:21,4
2017-12-21 22:24:57,瓦力,https://www.douban.com/people/cyrus_wong/," 多视角讲述太聪明了，不但能制造些小反转，而且能把每个人从面到里逐渐讲清楚，对心理刻画精准，在情感上也是拿捏恰到好处，没有刻意煽情却能感受到阵阵暖流，非常舒服。前不久才被《天才少女》麦肯娜.格瑞斯的灵气惊艳，现在又到雅各布.特伦布莱，而且已经不止一次被他惊艳了，小戏精真不得了。
        ",推荐,3,2017-12-21,22:24:57,4
2018-01-31 20:04:34,盲忙,https://www.douban.com/people/jundle/," 我宁愿把它当作一部童话来看，看似不健全的外表下是一个健全纯净的心，而那些看起来外表健全的人又都隐藏着怎样一刻残破的心啊。本以为只是一部煽情片，可导演却花了很多心思和功夫来挖掘不同人物的背后的故事。觉得自己处理人际关系的能力不如这些孩子啊。
        ",推荐,0,2018-01-31,20:04:34,4
2018-01-20 22:36:20,愛德華艾爾利克,https://www.douban.com/people/konglunxuan/," 一部男主成長日記，克服重重困難，最後成功走出自己心理陰影，並贏得友情的故事。電影裡同學之間的描寫有亮點，但不夠深入；男主的心理活動反倒是刻畫得入木三分。因為小說改編，所以電影被濃縮為近2小時。如果改編為美劇，劇情會更豐滿。
        ",还行,0,2018-01-20,22:36:20,3
2018-03-27 23:20:04,欲盛,https://www.douban.com/people/heyheygun/," 泪奔::>_<::
        ",推荐,0,2018-03-27,23:20:04,4
2018-01-29 20:39:08,Shirleysays,https://www.douban.com/people/Shirleysays/," 的确拍得好！通过编剧和导演的努力，把原著里的含糊不明的地方都补足了。全片诙谐幽默，笑中带泪，是一部暖暖都是爱的青少年电影。中国真缺这样的戏呀~当然，有人说美国人为了政治正确，但为了普视价值而政治正确，又有什么不好呢？
        ",力荐,2,2018-01-29,20:39:08,5
2018-01-30 21:25:23,helloliu,https://www.douban.com/people/followmydreams/," 多一些理解，少一些偏见。多去用心看，不要因为外在阻止了去了解别人的心。这个世界可能永远都会存在坏人，遇到的时候保持一颗坚强的心。
        ",力荐,0,2018-01-30,21:25:23,5
2018-02-25 16:26:53,热爱学习的望总,https://www.douban.com/people/lltflyx/," 哭了好多次，大家怎么都那么暖那么好！选择善良比选择正确更重要，就算现实生活有很多残酷的冰冷的恶意，但一定有人愿意伸出友善的手。好心疼姐姐啊！这简直是最棒的姐姐！
        ",力荐,0,2018-02-25,16:26:53,5
2018-01-21 14:53:20,亲爱的马里奥,https://www.douban.com/people/139876281/," 美好的不真实，男孩是个奇迹，最大的奇迹是男孩周遭所有善良的人
        ",力荐,1,2018-01-21,14:53:20,5
2018-03-17 12:07:54,Dreamer,https://www.douban.com/people/38783785/," 很喜欢这部片子的多视角。可爱又感人的一部电影。我们到底该如何防备来自他人的伤害呢？和那个动画短片《守坝员》有点像。Auggie和Jack真的很像小猪和小狐狸，两个人太暖，最后终于和好如初。Jack小伙真好看！Via长得有点Carey，Miranda长得有点KK！
        ",力荐,0,2018-03-17,12:07:54,5
2018-01-06 23:17:28,超人叔叔,https://www.douban.com/people/chaorenshushu/," 无处不在的星战梗 看似塑料实则纯真的友情 默默作为坚强后盾的亲情 共同谱写了一曲从小见大的迎新赞歌
        ",推荐,1,2018-01-06,23:17:28,4
2018-02-09 20:33:30,金沐月,https://www.douban.com/people/emma520999/," 看哭了，每个家庭都在每个家庭的相处方式。
        ",力荐,0,2018-02-09,20:33:30,5
2018-02-24 05:06:21,贺兰迈克,https://www.douban.com/people/68523936/," 每个人都有苦衷，但每个人都是正能量。把观众放在新闻联播一般的美好世界里忽悠
        ",还行,0,2018-02-24,05:06:21,3
2018-01-19 22:01:33,Leo_on_theroad,https://www.douban.com/people/68558336/," 爱、善良、成长、青春、家庭、友情、教育…… 喜欢小演员们灵动的表演，感叹妈妈这个角色塑造得真好，觉得很熟悉但是抱歉没看出来是“大嘴”影后。""Choose kind, and just be kind! ""
        ",力荐,1,2018-01-19,22:01:33,5
2018-02-03 12:47:11,KinG羽,https://www.douban.com/people/kingedward/," 善良即正义，这正义来的不容易。还好没有把全部焦点落在小男孩身上，多视角是个好思路，可惜使用效果一般，多个桥段严重拖累流畅度。小男孩本身就像苦难本身，他的优秀品质并未突出展示，倒是他作为一面镜子折射出了身边人的卑微与光辉。看到茱莉亚的大嘴和欧文的大鼻子，真是怀念。雅各布真影帝！
        ",推荐,0,2018-02-03,12:47:11,4
2018-01-21 03:32:14,想吃凉面,https://www.douban.com/people/liuanan0606/," 电影整体感觉温暖美好，和我预想的差不多。有几个额外要感慨的点:jackwill真是太太太可爱了吧！！！！miranda好好好美啊！！！有男朋友的感觉好棒啊，我啥时候能有男朋友😭😭和两个发小一起看的，之后去撸串，吃甜品，泡酒吧，第一次抽烟，第一次喝吐，真的是值得纪念的一天。
        ",力荐,0,2018-01-21,03:32:14,5
2018-01-19 19:25:24,已注销,https://www.douban.com/people/52469091/," 家庭教育片。关于如何看待别人，什么才是善良。一切都按照温情家庭电影应该有的套路发展，“不一样”的奥吉，一定会有第一个朋友，遭遇背叛，再次拥抱友谊，最终成为所有人的朋友。被冷落的女儿，和最好的朋友冷战，但也会遇到爱情，得到妈妈的重视。讨人厌的贵族小男孩，一定会被惩罚。
        ",推荐,1,2018-01-19,19:25:24,4
2018-02-11 23:18:32,einverne,https://www.douban.com/people/einverne/," 7.5 吧 故事完成度很高
        ",推荐,0,2018-02-11,23:18:32,4
2018-02-22 09:07:05,huyouyou,https://www.douban.com/people/huyouyou/," 小说的还原度很高。#20180222
        ",推荐,0,2018-02-22,09:07:05,4
2018-02-10 22:02:19,Jin Unrated,https://www.douban.com/people/moneylatem/," 比书可爱，特别是喜剧的部分。打扮成宇航员在过道里一蹦一跳的场景真的激萌。小演员也厉害，特别是 Noah。在美国做中高产阶级的生活真令人向往。
        ",推荐,0,2018-02-10,22:02:19,4
2018-01-23 14:45:36,旧书君,https://www.douban.com/people/pengyuan/," 一个非常残酷的事实便是：这是一部表面上看起来anti“颜值正义”的电影吧，实际上每一个配角都颜值在线。即使wonderboy本人会让你把视线短暂移开，其他角色的颜也让你目不暇接。这是一个无法绕过去的梗。暖心。但终究是一个童话。
        ",推荐,1,2018-01-23,14:45:36,4
2018-01-05 02:47:31,蓝石头,https://www.douban.com/people/45435430/," 拍的还是太糙了，无论是情感的表达还是剧情的逻辑都有所欠缺
        ",较差,2,2018-01-05,02:47:31,2
2018-01-19 19:07:21,如花和尚,https://www.douban.com/people/comelate/," 2018年第一场电影。今天孩子生日，本想带他看公牛历险记，时间不对就买了这个。买完票发现阿米尔汗的《神秘巨星》今天上映，还后悔来着。。。然后，哭了5次吧大约。从第一幕太空人的头盔出现开始就忍不住激动了。散场就觉得今天做了一个正确的选择，在儿子十岁的生日看了一部关于十岁男孩的电影。
        ",力荐,5,2018-01-19,19:07:21,5
2018-02-06 09:45:11,Lidan.HK,https://www.douban.com/people/Lidan/," 政治正确到不行。
        ",推荐,0,2018-02-06,09:45:11,4
2018-02-03 13:16:47,恰妮斯虫,https://www.douban.com/people/caorong1023/," 像童话一样美好，煽情的地方都点到为止，真是太善解人意了。好希望我们的学校教育也能教会每个人成为更完整的人。be a kind man.
        ",力荐,7,2018-02-03,13:16:47,5
2018-02-06 23:27:45,Yukip,https://www.douban.com/people/34744036/," Please be kind!
        ",力荐,0,2018-02-06,23:27:45,5
2018-02-02 12:52:22,荆棘,https://www.douban.com/people/AlohA0407/," 审美疲劳
        ",还行,0,2018-02-02,12:52:22,3
2018-01-25 19:51:57,叉叉,https://www.douban.com/people/shuangshuangfan/," A wonderful but unrealistic fairy tale. Everyone is unbelievably warm and kind and does not exist in real life. The truth is, reality sucks and is much more cruel. If the boy is born in China, he will be dumped at the sidewalk the minute his parents walk out of hospital.
        ",推荐,4,2018-01-25,19:51:57,4
2018-01-19 14:32:32,法棍老人,https://www.douban.com/people/christan1987/," 心是指引的地图，容貌是记录的地图。你生来就与众不同！
                
                
",推荐,2,2018-01-19,14:32:32,4
2018-01-19 23:28:03,范文婧,https://www.douban.com/people/54361197/," 非常温暖非常感动。请不要忘了善良的品质，每个人都是不普通的，每个人都值得被看到。电影也是这么告诉我们的。喜欢极了。
        ",力荐,1,2018-01-19,23:28:03,5
2018-02-10 21:45:17,苏乏,https://www.douban.com/people/maybeland/," 这电影跟原著小说一样棒，真让人高兴
        ",力荐,0,2018-02-10,21:45:17,5
2018-02-16 23:01:23,穆如初,https://www.douban.com/people/44652353/," 稍显老套，可能励志看太多了，没有太打动我，小男孩很可爱。
        ",还行,0,2018-02-16,23:01:23,3
2018-02-03 17:50:43,安徒死,https://www.douban.com/people/Nanayo/," 直球型真善美情感输出，但是我就是一直在哭，一，直，在，哭…lay了
        ",推荐,2,2018-02-03,17:50:43,4
2018-01-23 15:47:45,王卡,https://www.douban.com/people/bunnyzizi/," 流了一吨的眼泪，没带纸巾很可怕！多线叙事，看看姐姐的视角。
        ",推荐,0,2018-01-23,15:47:45,4
2018-02-03 19:17:24,MOMORLK,https://www.douban.com/people/63742684/," 《奇迹男孩》像一杯甜甜的下午茶，暖暖治愈系～剧情上中规中矩，奈何小演员们演绎得太美好。POV视角让叙事不再主观单一，多角度去解构人性的善意，人人都伴随着孤独属性来到世间，然生命流逝之快，我们甚至来不及多看对方一眼。真正重要的东西只有用心才能看得清～💙
        ",推荐,1,2018-02-03,19:17:24,4
2018-02-06 13:50:32,小M,https://www.douban.com/people/malu/," 三星半。其实就是阳光小美女那种很甜很甜的片子，正能量当然满满。很喜欢jack wills , 但是觉得那个富家小孩的妈妈说的那句挺对的，Say this to the real world!
        ",还行,1,2018-02-06,13:50:32,3
2018-03-04 19:51:18,pepper 安,https://www.douban.com/people/2756044/," 故事比较老套 但是在将男孩带入人群中时父母的勇气和教育引导方式值得称赞，同时在没有去学前小男孩的性格已经被培养的很乐观 比如那句“如果我没整容怎么会这么帅？”轻描淡写了自己几十次的手术经历
        ",推荐,0,2018-03-04,19:51:18,4
2017-12-18 00:09:53,Brokehampton,https://www.douban.com/people/BesideTheBside/," 年度最佳好老师 Daveed Diggs 💗🏆🏅️
        ",推荐,5,2017-12-18,00:09:53,4
2018-01-28 19:26:06,有有,https://www.douban.com/people/160754679/," 很有爱，很感人，很温馨
        ",推荐,3,2018-01-28,19:26:06,4
2018-01-22 00:03:56,米书,https://www.douban.com/people/qiyami/," 现在的你 好脆弱 或许一直都是这样 坚毅的眼神内有着无尽的忧伤 与生俱来的忧郁打败一切的甜美 我怀念的不是你 而是如同吸血鬼般吸食着自己的徘徊 我忘不了的不是你 而是如同麦田黑鸦般飞不出来的孤寂
        ",力荐,1,2018-01-22,00:03:56,5
2018-01-21 14:56:11,马小俗,https://www.douban.com/people/36545868/," 看哭全程
        ",力荐,1,2018-01-21,14:56:11,5
2018-02-18 21:45:49,浑浑噩噩,https://www.douban.com/people/50210563/," 如果有这样漂亮的姐姐,和这样漂亮的姐姐的朋友....我不介意更丑
        ",推荐,0,2018-02-18,21:45:49,4
2018-01-20 14:29:16,Pam,https://www.douban.com/people/91257239/," 用言去感染人，用行去感动人，用心去感化人。
简单的故事分段的情绪，成长路上每个人都有不一样的酸楚，翱翔星空因为获得成功，而简单的话，因为抵御漫长寒流。
“对他人友善一点，每个人都在与世界苦战。”
        ",推荐,1,2018-01-20,14:29:16,4
2018-01-21 20:49:23,痞子老九,https://www.douban.com/people/shady9/," 片中有好几个反套路的瞬间，虽然最后也难逃大团圆的结局，但并不影响故事的质量——超级暖心的鸡汤片，是我的菜！PS：2017年的大银幕上貌似出现了不少优秀的00后演员呢~
        ",推荐,0,2018-01-21,20:49:23,4
2018-01-14 19:34:41,嘟嘟熊之父,https://www.douban.com/people/duduxiongzhifu/," 分分钟想哭。每个人都逃不开脆弱，重要的不是别人怎么看你，而是你如何接纳自己。
        ",推荐,1,2018-01-14,19:34:41,4
2018-02-09 02:10:20,饭量大,https://www.douban.com/people/kame-sho/," 人物标签脸谱化，简单没曲折到无趣，连冲突的起承转合你都猜得到，该在哪儿哭都是编剧写好的，这台词功底烂过我编写的初级语言教材。美国孩子其实对真正有残疾的人非常有爱心，尤其是好的私校里，受bully的是因为性格内向啊软弱啊，受不受欺负还是取决于你的人格魅力，还有能不能马上就爆cei bully一顿
        ",较差,0,2018-02-09,02:10:20,2
2018-01-20 19:41:02,Eddy,https://www.douban.com/people/eddy_charlie/," 我 的 妈 呀，jack小可爱也太可爱了吧。 主演：The weekend,Liam Payne,Harry Styles.
        ",推荐,1,2018-01-20,19:41:02,4
2018-03-03 20:33:50,木偶,https://www.douban.com/people/1333942/," 有时候看下这种温情励志片可以暂时让我们逃离这个现实的世界。虽然有点鸡汤，但熬得还是有滋有味。不过让我感动的确实via表演完与妈妈相识的一瞬间。《房间》里的正太有长大了些，当年人家可是入围了奥斯卡最佳男主啊，前途不可限量。
        ",还行,0,2018-03-03,20:33:50,3
2018-01-24 00:59:20,Vivian,https://www.douban.com/people/45278107/," 还行吧，宝宝泪点低，中间落泪两回( ･᷄ὢ･᷅ )怪我咯。遗憾的是没看到小帅哥真实的脸
                
                
",还行,0,2018-01-24,00:59:20,3
2018-01-20 18:32:05,天马星,https://www.douban.com/people/68499588/," 非典型励志成长片，奥吉是一把打开每个人心房的密钥，通过他让每个人的渴望与嫉妒释放出来。通过不同人物的视角转变，让每个人都与自己的烦恼和解，获得成长。这片真是奇迹，在反套路反煽情的手法下，依然触及人物的内心，每一个角色都丰富立体，繁而不杂，多而不乱。
        ",推荐,4,2018-01-20,18:32:05,4
2018-01-21 18:21:22,少年操人,https://www.douban.com/people/buqiuren/," 像我这么刻薄的人都看的一直哭，大概是能够感同身受那种一直被人歧视被霸凌的行为，以及与父母姐姐同学之间微妙的关系。
        ",推荐,1,2018-01-21,18:21:22,4
2018-02-03 02:51:28,宇宙真理猪大肠,https://www.douban.com/people/overload/," 没有完全中心化叙事，这点挺好，总体套路狗血，正常的温情成长美好爆米花片儿；几个小孩儿演得不错，爸爸的腔调略似川普。
        ",还行,0,2018-02-03,02:51:28,3
2018-02-21 09:22:11,乱骂1977,https://www.douban.com/people/luanma1977/," 孩子只要学习好就混得开
        ",还行,0,2018-02-21,09:22:11,3
2018-01-20 22:24:21,少年夏不安,https://www.douban.com/people/bluejiang/," 就冲着你的眼睛揉啊揉，温情戏可真好哭啊。
        ",推荐,1,2018-01-20,22:24:21,4
2018-02-06 13:59:48,琧婯,https://www.douban.com/people/cloudlandlord/," 教室课堂戏，小孩子间的互动拍得比较漂亮；果然穷人的孩子早当家，大家各自有各自的生存之道，奇迹男孩会分化挖墙脚，靠考卷作弊拉拢男二；男二见鬼说鬼话；同校身份胜过面容差异；爸爸以小声表达和妈妈不同的看法；将别人经历据为己有的白日梦女孩；
        ",还行,0,2018-02-06,13:59:48,3
2018-02-20 23:09:25,踢地哥,https://www.douban.com/people/44849027/," 永不言弃
        ",力荐,0,2018-02-20,23:09:25,5
2018-01-19 20:42:33,寡狗,https://www.douban.com/people/143049789/," 4星半，本来想硬扛着，结果泪腺很诚实，每当奥吉交到一个朋友，我都在微笑中留下欣慰的泪水，在湖边几个孩子互相搭着肩膀的背影，站在中间的奥吉流着泪完成了“制霸”校园的成就，everyone is very kind.
        ",推荐,2,2018-01-19,20:42:33,4
2018-01-20 22:58:07,年少影追,https://www.douban.com/people/qrh2010/," 看完给我两点特别深的感触：一是父母该如何无私的爱自己的孩子，不管生来怎样，都要接受他（她）的一切，给其健全的人格和心理；二是每个小孩多么强烈的想成为父母眼中的骄傲，这是他们愿意变优秀的最本能动力，两者相互成就，好的家庭教育，好的学校教育，是人走向社会前的关键，这是很严肃的问题
        ",推荐,1,2018-01-20,22:58:07,4
2018-01-31 17:10:02,王韧勉,https://www.douban.com/people/anchoretic/," 虽有套路但又真诚的温情片，讲父母与子女的相处之道以及如何维持长久友谊，在男主角的小学生活中看到自己读小学时的影子，刚开始谁都不理你，后来有一两个朋友开始理你，但是中间也存在着一些不经意间的嘲弄与讥讽，之后又会因为某个契机跟大家都走到一起结下一辈子的友谊。父母情这段太童话让人嫉妒！
        ",推荐,3,2018-01-31,17:10:02,4
2018-01-19 15:05:56,冰山的阴影,https://www.douban.com/people/Rynill5/," 不同角色视点呈现故事的叙事结构是最大优点。总体来说依然是只要人人都献出一点爱，世界将变成美好的人间的标准好莱坞温情剧。不过这种校园和家庭质感的电影倒是有十年没再看过了。
        ",还行,1,2018-01-19,15:05:56,3
2018-02-21 22:17:38,湖边の许愿树,https://www.douban.com/people/2076497/," ★★★★ 前十分钟就要泪目，原生家庭不能影响人生上限，但绝对能决定下限。不经过考试就能成为父母太可怕，那么每一个父母或即将成为父母的人都应该来看一看这部电影。不是每一个人都有资格为人父母或为人夫妻，做不到就请放过彼此。
        ",力荐,0,2018-02-21,22:17:38,5
2018-01-19 13:00:22,Karma_,https://www.douban.com/people/63328717/," 每一个人的表现都可圈可点。
        ",推荐,1,2018-01-19,13:00:22,4
2018-02-02 22:20:52,比多,https://www.douban.com/people/yangui/," 一般。多视角这么用有点浪费。并未推波助澜。就是一切还好。即便看了这类电影，也不要指望你周边都是好人。更不要指望你能感动他们。
        ",还行,1,2018-02-02,22:20:52,3
2018-02-02 23:10:28,文森Vincent,https://www.douban.com/people/jinjidexiong/," 几条配角线在一定程度上丰满了如此简单且理想化的故事，在我看来，这些副线的存在甚至比主线故事还要真实动人。★★★
        ",还行,1,2018-02-02,23:10:28,3
2018-01-24 23:08:10,老寇,https://www.douban.com/people/koujianyi/," 当爹以后泪点降至少女级别…
                
                
",力荐,2,2018-01-24,23:08:10,5
2018-01-20 22:35:22,分藤四郎,https://www.douban.com/people/xiaofenzi/," 九分四星半吧。没忍住偷偷的摸了眼泪，这一家人真暖，羡慕啊。小男孩之间的友谊真好
        ",力荐,1,2018-01-20,22:35:22,5
2018-03-25 20:51:10,东篱,https://www.douban.com/people/96404793/," 当看到毕业典礼上奥尼领奖牌的时候，还是忍不住哭了“每个人都值得大家为他鼓一次掌”。很棒的片子，导演告诉我们要用心看世界，更要用爱和善良对待周围的一切，还有每一个人，大家都是平等的。
        ",力荐,20,2018-03-25,20:51:10,5
2018-02-01 04:10:02,roja,https://www.douban.com/people/roja/," 通常这样程度面部残疾的小孩也会耳聋，因此发音不清晰，影响与外界的沟通，片中的小男孩真是幸运，家庭富裕能承担医疗手术和家庭教育，经过27次手术之后居然能听能正常表达，等再做几次面部修复手术就跟正常人一样了吧。
        ",推荐,0,2018-02-01,04:10:02,4
2018-01-21 22:58:53,凯撒不爱我,https://www.douban.com/people/kelly_yjw/," 被忽略的姐姐，心事颇多的玩伴，贫苦出生的女孩，围绕在“奇迹男孩”身边发生的故事，让电影更加饱满立体，而非励志个人秀。在这方面比《叫我第一名》强多了。视角切换来讲故事推动情节很有意思，但总感觉少了点灵气、俏皮。很中规中矩。
        ",还行,1,2018-01-21,22:58:53,3
2018-02-02 21:55:43,Zhang Yixin,https://www.douban.com/people/suogu/," 教育环境真好啊。小孩儿们也搞拉帮结派，突然想起来明白小时候玩着玩着被小群体孤立，然后送她们手链又和好的社交困惑了，大家都不是一个人。
        ",推荐,0,2018-02-02,21:55:43,4
2018-01-22 21:07:18,鸟飞,https://www.douban.com/people/Niaofei618/," 如同《怦然心动》一样，掰开了，揉碎了，把一件暖心的小事娓娓道来。一个天生丑陋的不正常男孩，在一个看脸的世界，能够过上正常的生活，还交了一堆朋友，顺手拿了个校级大奖。必须承认，这事情发生的概率并不太高；既然如此，才值得每个人努力，让这个世界变得更好一点，让这样的事情，更可能发生。
        ",推荐,1,2018-01-22,21:07:18,4
2018-01-31 15:23:25,哼哼.不二.竺,https://www.douban.com/people/56922790/," 真是一把鼻涕一把泪的看完。鼻涕因为感冒，眼泪因为善良。
        ",推荐,4,2018-01-31,15:23:25,4
2018-01-25 19:47:07,言听计从的赤赤,https://www.douban.com/people/121721693/," 看得我小泪纵横，有幽默感的人能让人快乐，想成为这样的人，或者想拥有这样的人。请远离负能量，和散发正能量的人多交往。我的孩子要是未来的课余生活能那么丰富就好了……还是先把自己的生活丰富起来吧哈哈
        ",力荐,1,2018-01-25,19:47:07,5
2018-03-16 21:06:45,san,https://www.douban.com/people/174234965/," 看完总觉得哪里不得劲，结束的有点意料之外
        ",还行,15,2018-03-16,21:06:45,3
2018-01-08 13:00:08,T小邪,https://www.douban.com/people/155084898/," soooooo sweet～
        ",推荐,1,2018-01-08,13:00:08,4
2018-02-10 02:45:03,西决,https://www.douban.com/people/c541223724/," 非常暖心治愈的一部现代童话，很适合给小孩子看。
        ",还行,0,2018-02-10,02:45:03,3
2018-01-21 14:55:04,皮格莱特,https://www.douban.com/people/leavelove/," 一个很温暖的励志+反对校园霸凌的温馨故事 超出预期的是加上了不同孩子在同一件事的各自视角 和怦然心动类似 所以很真实的展现了生活中的矛盾 倒让每个人物都丰满起来 不妥的地方有1、刻意安排打架转变对auggie的看法 生硬 2、Miranda和jack的线都没讲透 例如jack为什么要在julian面前说违心的话
        ",推荐,1,2018-01-21,14:55:04,4
2018-01-25 10:31:47,Q。,https://www.douban.com/people/airan712/," 2018年第一份暖心鸡汤，糖虽然有点多，但不至于会腻。比较喜欢姐姐的段落，虽然并没有交代的多么完整。★★★★
        ",推荐,1,2018-01-25,10:31:47,4
2018-01-20 21:05:21,"""eMily""┆rehab",https://www.douban.com/people/emilycou/," Jacob是个很有灵气的小演员 电影走温情励志路线但又不过分煽情还有点自嘲式的黑色幽默 😏女神萝卜丝还是那么美啊
        ",推荐,1,2018-01-20,21:05:21,4
2018-03-26 09:41:04,影随茵动,https://www.douban.com/people/zhangaiyin/," 论原生家庭的重要性，一切都建立在一个殷实、有爱的家庭之上。所以根本没什么奇迹，就是个童话。
        ",推荐,2,2018-03-26,09:41:04,4
2018-02-02 01:56:07,远辰,https://www.douban.com/people/91795339/," 这样的家庭氛围真的太让人羡慕了，所以我非常理解热评那位宁愿做一只狗也好的朋友。真羡慕从小在爱的糖水里泡着长大的孩子。我从来没在父母的身体力行里学会怎么去爱一个人，也不知道怎么和人相处。走到现在全是我自己一步一步摸索出来的，但对友情爱情仍有期待。想到这些，觉得人生也并不是无药可救。
        ",推荐,1,2018-02-02,01:56:07,4
2018-02-06 15:26:19,七色光,https://www.douban.com/people/3712994/," 很感人。没想到男主角是房间中的小男孩，化妆真是出神入化，小家伙的表演也是感人至深。
        ",力荐,1,2018-02-06,15:26:19,5
2018-01-20 21:49:32,西白,https://www.douban.com/people/49095617/," 完美的父母，完美的姐姐，完美的朋友，比普通人幸运的多，所以是个奇迹。多视角叙事，每个人都当一次主角，与以往的励志故事不同，每个角色都有照顾到，不是你不幸大家就都要围着你转，无过度煽情，倒是打破了一下常规。正的不能再正的片子，关键词：善良。没有缺陷也没有惊喜。
        ",推荐,1,2018-01-20,21:49:32,4
2018-01-19 17:42:40,Alice yang,https://www.douban.com/people/3054465/," 开场十分钟后开始哭，哭到散场！
        ",力荐,1,2018-01-19,17:42:40,5
2018-02-04 22:03:48,超cute侠,https://www.douban.com/people/3403686/," 虽然现实里鲜少有这样的环境，但还是愿意有电影能提供给善意一个安放之地吧，不光是给予跟小男主遭遇一样不幸的人们一个慰藉，更多的是要传递给周遭的人一个待人平等的讯息。影片叙事很轻松，还借由章节的形式丰满了副线人物，演员的表现也很不错。
        ",推荐,0,2018-02-04,22:03:48,4
2018-02-05 09:18:43,一实,https://www.douban.com/people/Charlin_Min/," 庆幸他有很棒的家庭。从不同角度去讲述每个少年的心灵。心疼小姐姐，那么懂事。
        ",力荐,0,2018-02-05,09:18:43,5
2018-01-24 13:01:55,Maomo,https://www.douban.com/people/123301054/," “善良一点 因为每个人都在与人生苦战”
        ",力荐,2,2018-01-24,13:01:55,5
2018-01-19 18:46:33,烧信的玛嘉烈,https://www.douban.com/people/43828485/," 看了预告和宣传就能知道故事内容，却没有完全落入俗套，多线叙事让人眼前一亮。Jack Will男友力爆棚，完全是忠犬模版。每次他搂Auggie或把Auggie护到身后我都一脸慈爱微笑。想要一个Jack Will，哭哭。
        ",推荐,1,2018-01-19,18:46:33,4
2018-02-03 16:31:38,阿良,https://www.douban.com/people/captainmk42/," 屡屡戳中泪点，温暖又感人，想起林肯的那句名言，Whatever you are, be a good one，做个善良的，不去伤害他人的人，做个好人，多么重要。电影在中国宣传做的太差，这样正能量的片子应该让更多人看到。小演员们演的真好，个个都是戏精啊。有些煽情桥段比较刻意，不过依然是部好电影。
        ",推荐,0,2018-02-03,16:31:38,4
2018-03-06 15:42:36,莱尼圆,https://www.douban.com/people/Razzmatazz/," 暖得像一则童话，甜而不腻。天生面部畸形，但有家庭的坚实后盾，也能凭借自身的勇气与善良去收获友谊和赞许，相比其他已是万幸。不止聚焦奥吉一人，而是以点带面从其他小朋友视角来交叉讲述，奥吉如一面镜子折射出人间的真善美。教育是学习做一个善良的人的过程，在父母的修养里，藏着孩子的未来
        ",推荐,0,2018-03-06,15:42:36,4
